AT3G01260,AT5G15140,N,N
AT2G25310,AT4G32130,N,N
AT2G25340,AT4G32150,N,N
AT1G17380,AT1G72450,N,N
AT2G35860,AT3G52370,N,N
AT1G30850,AT2G34910,N,N
AT2G36460,AT3G52930,N,N
AT5G08390,AT5G23430,N,N
AT2G24570,AT4G31550,N,N
AT1G21380,AT1G76970,N,N
AT2G46610,AT3G61860,Y,N
AT5G07320,AT5G61810,N,N
AT1G01570,AT4G00300,N,N
AT1G21000,AT1G76590,N,N
AT3G22840,AT4G14690,N,N
AT2G18060,AT4G36160,N,N
AT1G64320,AT5G41780,N,N
AT1G30620,AT2G34850,N,N
AT2G15880,AT4G33970,N,N
AT4G27880,AT5G53360,N,N
AT3G01300,AT5G15080,N,N
AT3G06740,AT5G49300,N,N
AT1G22210,AT1G78090,N,N
AT1G04090,AT5G43950,N,Y
AT3G43120,AT5G20810,N,N
AT2G18360,AT4G36610,N,N
AT1G63500,AT5G41260,N,N
AT3G10300,AT5G04170,N,N
AT1G24764,AT1G68060,N,N
AT2G23050,AT4G37590,N,N
AT1G14350,AT2G02820,N,N
AT2G18330,AT4G36580,N,N
AT4G19640,AT5G45130,Y,Y
AT1G15670,AT1G80440,N,N
AT2G19810,AT4G29190,N,N
AT3G03090,AT5G17010,N,N
AT3G05640,AT5G27930,N,N
AT2G17260,AT4G35290,N,N
AT2G25880,AT4G32830,N,N
AT2G40900,AT3G56620,N,N
AT2G16850,AT4G35100,N,N
AT3G02200,AT5G15610,N,N
AT2G47440,AT3G62570,N,N
AT3G01190,AT5G15180,N,N
AT1G03040,AT4G02590,N,N
AT1G19970,AT1G75760,N,N
AT1G14320,AT1G26910,N,N
AT1G17830,AT1G73210,N,N
AT3G04080,AT5G18280,N,N
AT1G13730,AT2G03640,N,Y
AT1G14720,AT2G01850,N,Y
AT1G45180,AT5G42940,N,N
AT3G48570,AT5G50460,N,N
AT2G40480,AT3G56270,N,N
AT1G04440,AT5G43320,N,Y
AT3G04690,AT5G28680,N,N
AT5G09560,AT5G64390,N,N
AT4G17530,AT5G47200,N,N
AT3G03430,AT5G17480,N,N
AT4G26890,AT5G55090,N,N
AT2G21130,AT4G38740,N,N
AT1G03700,AT4G03540,N,N
AT2G43810,AT3G59810,N,N
AT1G66360,AT5G37740,N,N
AT1G30490,AT2G34710,N,N
AT2G20610,AT4G28420,Y,N
AT3G04350,AT5G18490,N,N
AT4G27180,AT5G54670,N,N
AT3G02530,AT5G16070,Y,N
AT4G32470,AT5G25450,N,N
AT2G21660,AT4G39260,Y,Y
AT2G40850,AT3G56600,N,N
AT1G20100,AT1G75860,N,N
AT3G44900,AT5G22900,N,N
AT3G51200,AT5G66260,N,N
AT2G21190,AT4G38790,N,N
AT2G20110,AT4G29000,N,N
AT4G26630,AT5G55660,Y,N
AT3G11180,AT5G05600,N,N
AT2G47670,AT3G62820,N,N
AT3G27380,AT5G40650,N,N
AT1G21440,AT1G77060,N,N
AT3G11260,AT5G05770,N,N
AT2G24390,AT4G31310,N,N
AT5G10030,AT5G65210,N,N
AT3G01500,AT5G14740,N,N
AT4G11070,AT4G23810,N,N
AT5G08190,AT5G23090,N,N
AT1G53380,AT3G14870,N,Y
AT1G06390,AT2G30980,N,N
AT2G42500,AT3G58500,Y,N
AT2G37400,AT3G53560,N,N
AT2G46800,AT3G61940,N,N
AT2G46990,AT3G62100,N,N
AT3G44290,AT5G22290,N,N
AT3G49390,AT5G24440,N,N
AT1G53170,AT3G15210,N,N
AT1G30810,AT2G34880,N,N
AT3G51160,AT5G66280,N,N
AT3G02310,AT5G15800,N,N
AT4G26540,AT5G56040,N,N
AT3G11170,AT5G05580,N,N
AT1G50040,AT3G19680,N,N
AT1G12970,AT3G26500,N,N
AT5G07370,AT5G61760,N,N
AT3G04090,AT5G18290,N,N
AT1G21410,AT1G77000,N,N
AT3G22460,AT4G14880,N,N
AT1G03960,AT5G44090,Y,Y
AT1G55920,AT3G13110,N,N
AT2G41840,AT3G57490,N,N
AT3G02900,AT5G16660,Y,N
AT1G14330,AT2G02870,N,N
AT3G48830,AT5G23690,N,N
AT1G29160,AT2G34140,N,N
AT3G25420,AT4G12910,N,N
AT1G18250,AT1G73620,N,N
AT1G03440,AT4G03010,N,N
AT1G22810,AT1G71520,N,N
AT2G46660,AT3G61880,N,N
AT1G04450,AT2G33460,N,N
AT3G50650,AT5G66770,N,N
AT3G49720,AT5G65810,N,N
AT4G18640,AT5G45840,N,N
AT2G21330,AT4G38970,N,N
AT1G51170,AT3G20830,N,N
AT2G24260,AT4G30980,N,N
AT3G09370,AT5G02320,N,N
AT2G19860,AT4G29130,N,N
AT3G02810,AT5G16500,N,N
AT1G14380,AT2G02790,Y,N
AT1G01740,AT4G00710,N,N
AT3G46600,AT5G59450,N,N
AT1G07420,AT2G29390,Y,Y
AT3G23730,AT4G14130,N,N
AT2G19620,AT5G56750,N,N
AT2G37190,AT3G53430,N,N
AT2G44590,AT3G60190,N,N
AT1G48020,AT3G17220,N,N
AT1G07730,AT2G28670,N,N
AT3G10000,AT5G03680,N,N
AT1G22170,AT1G78050,N,N
AT1G66460,AT5G37790,N,N
AT2G24400,AT4G31320,N,N
AT1G13270,AT3G25740,N,Y
AT4G11380,AT4G23460,N,N
AT1G25440,AT1G68520,N,N
AT5G10540,AT5G65620,N,Y
AT4G25700,AT5G52570,N,N
AT3G02730,AT5G16400,N,N
AT2G25300,AT4G32120,N,N
AT1G22600,AT1G72100,N,N
AT1G48230,AT3G17430,N,N
AT1G49840,AT3G19540,Y,N
AT1G55200,AT3G13690,N,N
AT2G42030,AT3G58030,N,N
AT2G45290,AT3G60750,Y,N
AT2G37660,AT5G02240,N,N
AT1G10670,AT1G60810,Y,N
AT1G12560,AT1G62980,N,N
AT1G49520,AT3G19080,N,N
AT1G55130,AT3G13772,Y,N
AT3G02340,AT5G15820,N,N
AT1G02360,AT4G01700,N,N
AT4G18170,AT5G46350,N,N
AT3G50230,AT5G67200,N,N
AT1G20880,AT1G76460,Y,Y
AT1G17530,AT1G72750,N,N
AT1G29030,AT2G34040,Y,N
AT5G11190,AT5G25390,N,N
AT3G01650,AT5G14420,N,Y
AT1G25480,AT1G68600,N,N
AT2G16580,AT4G34760,N,N
AT3G06760,AT5G49230,Y,N
AT1G06540,AT2G30930,N,N
AT3G23300,AT4G14360,N,N
AT4G20020,AT5G44780,N,N
AT1G55970,AT3G12980,N,N
AT2G39890,AT3G55740,N,N
AT3G29020,AT5G39700,N,N
AT3G01620,AT5G14480,N,N
AT2G17390,AT4G35450,N,N
AT1G16310,AT1G79520,N,Y
AT4G25500,AT5G52040,Y,Y
AT1G19740,AT1G75460,N,N
AT4G05100,AT4G21440,N,N
AT2G44800,AT3G60290,N,N
AT3G29180,AT5G39430,N,N
AT3G06300,AT5G18900,N,N
AT3G07190,AT5G48660,N,N
AT2G22660,AT4G37900,N,Y
AT1G07180,AT2G29990,N,N
AT1G05890,AT2G31510,N,N
AT5G11590,AT5G25810,N,N
AT3G48040,AT5G62880,N,N
AT1G05800,AT2G31690,N,N
AT1G47128,AT5G43060,N,N
AT1G01170,AT4G00860,N,N
AT1G48600,AT3G18000,N,N
AT3G46990,AT5G58930,N,N
AT1G52380,AT3G15970,N,N
AT3G47190,AT5G58660,N,N
AT1G17890,AT1G73250,N,N
AT1G07720,AT2G28630,N,N
AT4G26610,AT5G55910,N,N
AT3G27240,AT5G40810,N,N
AT3G51260,AT5G66140,N,N
AT1G22070,AT1G77920,Y,N
AT3G05700,AT5G26990,N,N
AT1G11100,AT1G61140,N,Y
AT4G12440,AT4G22570,N,N
AT3G45260,AT5G60470,N,N
AT1G19910,AT1G75630,N,N
AT2G41980,AT3G58040,N,N
AT3G03550,AT5G17600,N,N
AT1G07150,AT2G30040,N,N
AT3G04670,AT5G28650,N,N
AT2G16400,AT4G34610,N,N
AT2G44130,AT3G59940,N,N
AT5G09730,AT5G64570,N,N
AT1G48940,AT3G18590,N,N
AT3G03250,AT5G17310,N,Y
AT3G06250,AT5G18960,N,N
AT3G42790,AT5G20510,N,Y
AT3G07010,AT5G48900,N,N
AT1G21870,AT1G77610,N,N
AT1G03880,AT5G44120,N,N
AT1G28110,AT2G33530,N,N
AT1G74790,AT5G62630,Y,N
AT2G18960,AT4G30190,Y,N
AT2G19160,AT4G30060,N,N
AT1G48620,AT3G18035,N,N
AT1G23870,AT1G70290,N,N
AT1G04160,AT5G43900,N,Y
AT1G14290,AT1G69640,N,N
AT4G19230,AT5G45340,N,N
AT3G03510,AT5G17580,N,N
AT1G26310,AT1G69120,N,N
AT2G45800,AT3G61230,N,N
AT3G05420,AT5G27630,Y,N
AT1G50410,AT3G20010,N,N
AT1G07370,AT2G29570,N,N
AT3G27190,AT5G40870,N,Y
AT2G20630,AT4G28400,N,N
AT1G04480,AT2G33370,N,N
AT3G47820,AT5G62560,N,N
AT3G03290,AT5G17390,N,N
AT1G25450,AT1G68530,N,N
AT3G04930,AT5G28040,N,N
AT1G66480,AT5G37840,N,N
AT3G24360,AT4G13360,N,Y
AT2G21270,AT4G38930,N,N
AT3G46060,AT5G59840,Y,N
AT1G26780,AT1G69560,N,N
AT1G10570,AT1G60220,N,N
AT3G44540,AT5G22500,N,N
AT1G13230,AT3G25670,N,N
AT2G40960,AT3G56680,N,N
AT3G49690,AT5G65790,N,N
AT3G22890,AT4G14680,N,N
AT3G02640,AT5G16250,N,N
AT2G23690,AT4G37240,N,N
AT1G01540,AT4G01330,N,N
AT5G10090,AT5G65160,N,N
AT2G18550,AT4G36740,N,N
AT2G43010,AT3G59060,N,N
AT4G12450,AT4G22560,N,N
AT1G24180,AT1G59900,N,Y
AT1G52670,AT3G15690,N,N
AT2G22430,AT4G40060,N,Y
AT1G21050,AT1G76610,N,N
AT4G20980,AT5G44320,N,N
AT1G07170,AT2G30000,N,N
AT3G03200,AT5G17260,N,N
AT1G23490,AT1G70490,N,N
AT3G05280,AT5G27490,Y,N
AT2G20230,AT4G28770,N,N
AT3G23660,AT4G14160,Y,Y
AT5G10550,AT5G65630,N,N
AT2G35260,AT4G17840,N,N
AT1G13960,AT2G03340,Y,N
AT3G23000,AT4G14580,N,N
AT1G67110,AT5G38450,N,N
AT1G01460,AT4G01190,N,N
AT2G47400,AT3G62410,N,N
AT4G25140,AT5G51210,N,N
AT1G10870,AT1G60860,Y,N
AT1G03520,AT4G03340,N,N
AT4G18970,AT5G45670,N,N
AT3G27660,AT5G40420,N,N
AT1G19770,AT1G75470,N,N
AT2G19500,AT4G29740,N,N
AT3G12250,AT5G06950,N,N
AT1G17520,AT1G72740,N,Y
AT3G06400,AT5G18620,N,N
AT2G17700,AT4G35780,N,N
AT2G23910,AT4G30470,N,Y
AT1G06800,AT2G30550,N,N
AT5G08020,AT5G61000,N,N
AT4G11030,AT4G23850,N,N
AT3G11630,AT5G06290,N,Y
AT2G24630,AT4G31590,N,N
AT1G21070,AT1G76670,N,N
AT1G12030,AT1G62420,N,N
AT1G03070,AT4G02690,N,N
AT2G45170,AT3G60640,N,N
AT3G02170,AT5G15580,N,N
AT2G44940,AT3G60490,N,N
AT1G09410,AT1G56690,N,N
AT1G48490,AT3G17850,N,N
AT1G18590,AT1G74090,N,N
AT2G36220,AT3G52710,N,N
AT3G51370,AT5G66080,N,N
AT2G42130,AT3G58010,Y,N
AT4G26490,AT5G56050,N,N
AT1G29310,AT2G34250,N,N
AT5G08230,AT5G23150,N,N
AT1G30120,AT2G34590,N,N
AT2G18670,AT4G30370,N,N
AT1G33700,AT4G10060,N,N
AT1G01340,AT4G01010,N,N
AT2G18450,AT5G66760,N,N
AT5G09460,AT5G64340,N,N
AT1G29470,AT2G34300,N,N
AT1G49750,AT3G19320,N,N
AT5G10970,AT5G25160,N,N
AT1G24170,AT1G70090,N,Y
AT1G15400,AT1G80180,N,N
AT1G04220,AT5G43760,N,N
AT2G22630,AT4G37940,N,N
AT5G08590,AT5G63650,Y,N
AT1G29890,AT2G34410,N,N
AT1G12240,AT1G62660,N,N
AT1G12320,AT1G62840,N,N
AT2G20270,AT4G28730,N,Y
AT1G48450,AT3G17800,Y,Y
AT2G47000,AT3G62150,N,N
AT1G23380,AT1G70510,N,N
AT1G03445,AT4G03080,N,N
AT1G16360,AT1G79450,N,N
AT2G21940,AT4G39540,N,N
AT3G06490,AT5G49620,N,N
AT1G64000,AT5G41570,N,N
AT1G26690,AT1G69460,N,N
AT1G49000,AT3G18560,N,N
AT2G41960,AT3G58050,N,N
AT4G18290,AT5G46240,N,N
AT2G25060,AT4G31840,N,N
AT3G09830,AT5G03320,N,Y
AT2G41070,AT3G56850,Y,N
AT3G05230,AT5G27430,N,N
AT4G27680,AT5G53540,N,N
AT2G20340,AT4G28680,N,N
AT2G45360,AT3G60780,N,N
AT3G44350,AT5G22380,N,N
AT4G25160,AT5G51270,N,N
AT1G25400,AT1G68440,N,N
AT1G03930,AT5G44100,N,Y
AT1G09180,AT1G56330,N,N
AT1G52160,AT3G16260,N,Y
AT1G11960,AT1G62320,N,N
AT3G09820,AT5G03300,N,N
AT2G18980,AT4G30170,N,N
AT2G23810,AT4G30430,N,N
AT4G24810,AT5G50330,Y,N
AT3G12030,AT5G06660,N,N
AT1G14840,AT2G01750,N,N
AT1G20520,AT1G76210,N,N
AT1G02890,AT4G02480,N,N
AT5G10350,AT5G65260,N,Y
AT3G03480,AT5G17540,N,N
AT1G10940,AT1G60940,Y,Y
AT1G54060,AT3G14180,N,N
AT1G09600,AT1G57700,N,N
AT4G20780,AT5G44460,N,N
AT3G24310,AT4G13480,N,N
AT1G06170,AT2G31220,N,N
AT3G48510,AT5G63350,N,N
AT5G07190,AT5G62210,N,N
AT1G23320,AT1G70560,N,N
AT3G02990,AT5G16820,Y,N
AT1G21920,AT1G77660,N,N
AT5G09410,AT5G64220,N,N
AT1G53230,AT3G15030,N,N
AT1G01050,AT4G01480,N,N
AT2G41740,AT3G57410,N,Y
AT2G40520,AT3G56320,N,N
AT4G26580,AT5G55970,N,N
AT1G34780,AT4G08930,N,N
AT2G18520,AT4G36680,N,N
AT3G11440,AT5G06100,N,N
AT3G02800,AT5G16480,N,Y
AT5G10650,AT5G24870,N,N
AT1G08250,AT2G27820,N,N
AT1G01440,AT4G01090,N,N
AT3G01040,AT5G15470,N,N
AT3G48440,AT5G63260,N,N
AT2G43750,AT3G59760,N,N
AT2G26190,AT4G33050,N,N
AT1G20330,AT1G76090,N,N
AT5G08000,AT5G61130,Y,N
AT2G43460,AT3G59540,N,N
AT2G45850,AT3G61310,N,N
AT1G13600,AT2G04038,N,N
AT4G25560,AT5G52260,N,N
AT1G49730,AT3G19300,N,N
AT4G17720,AT5G46870,N,N
AT2G23790,AT4G36820,N,N
AT2G17560,AT4G35570,N,N
AT2G46380,AT3G61670,N,N
AT3G46640,AT5G59570,N,N
AT3G10720,AT5G04970,N,N
AT1G10010,AT1G58360,N,N
AT1G19790,AT1G75520,N,N
AT2G24100,AT4G30780,N,N
AT1G20640,AT1G76350,N,N
AT2G45470,AT3G60900,N,N
AT1G53700,AT3G14370,N,N
AT1G64210,AT5G41680,N,Y
AT2G42520,AT3G58570,N,Y
AT4G11090,AT4G23790,N,N
AT2G37550,AT3G53710,N,N
AT1G25560,AT1G68840,N,N
AT3G47960,AT5G62680,N,N
AT4G26650,AT5G55550,N,N
AT5G10740,AT5G24940,N,N
AT3G04910,AT5G28080,N,N
AT1G04980,AT2G32920,N,N
AT1G53290,AT3G14960,N,N
AT1G14700,AT2G01890,N,N
AT3G11850,AT5G06560,N,N
AT2G32260,AT4G15130,N,N
AT2G20880,AT4G28140,N,N
AT5G11670,AT5G25880,N,N
AT3G22180,AT4G15080,N,N
AT3G04550,AT5G28500,N,N
AT5G08200,AT5G23130,N,N
AT2G24800,AT4G31760,N,N
AT2G18590,AT4G36790,N,N
AT2G39380,AT3G55150,N,N
AT2G40420,AT3G56200,N,N
AT1G33800,AT4G09990,N,N
AT2G39230,AT3G54980,N,N
AT1G15120,AT2G01090,N,N
AT1G53240,AT3G15020,N,N
AT1G33770,AT4G10010,N,N
AT2G21480,AT4G39110,N,N
AT2G40670,AT3G56380,N,N
AT2G36190,AT3G52600,N,N
AT3G02160,AT5G15570,N,N
AT1G53280,AT3G14990,N,N
AT2G41880,AT3G57550,N,N
AT3G11270,AT5G05780,N,N
AT4G26390,AT5G56350,N,N
AT3G09070,AT5G01170,N,N
AT1G66260,AT5G37720,Y,Y
AT4G17486,AT5G47310,Y,N
AT1G20030,AT1G75800,N,N
AT4G19700,AT5G45100,N,N
AT1G05570,AT2G31960,Y,N
AT1G75230,AT3G50880,N,N
AT1G29050,AT2G34070,N,N
AT3G03120,AT5G17060,N,N
AT1G14890,AT2G01610,N,N
AT1G01820,AT2G45740,N,N
AT1G52260,AT3G16110,N,Y
AT2G43850,AT3G59830,N,N
AT4G25240,AT5G51480,N,N
AT3G01930,AT5G14120,Y,N
AT3G05200,AT5G27420,N,N
AT3G22440,AT4G14900,N,N
AT3G23310,AT4G14350,N,N
AT2G41770,AT3G57420,N,N
AT4G27000,AT5G54900,Y,Y
AT1G04050,AT5G43990,N,N
AT4G20080,AT5G44760,N,N
AT1G02000,AT4G00110,N,N
AT1G05160,AT2G32440,N,N
AT1G16350,AT1G79470,N,N
AT1G16060,AT1G79700,N,Y
AT2G39900,AT3G55770,N,Y
AT1G48770,AT3G18295,N,N
AT2G25080,AT4G31870,N,N
AT1G13300,AT3G25790,N,N
AT1G34470,AT4G09640,N,Y
AT1G55680,AT3G13340,Y,N
AT4G26850,AT5G55120,N,N
AT2G37520,AT3G53680,Y,N
AT3G29360,AT5G39320,N,N
AT1G25550,AT1G68670,N,N
AT3G02940,AT5G16770,N,N
AT4G17690,AT5G47000,N,N
AT1G61100,AT4G27430,N,N
AT2G22850,AT4G37730,N,N
AT3G11320,AT5G05820,N,N
AT1G24190,AT1G70060,N,N
AT2G39820,AT3G55620,N,N
AT4G10960,AT4G23920,N,N
AT3G48070,AT5G62910,N,N
AT3G03190,AT5G17220,N,N
AT1G15250,AT3G16080,N,N
AT2G25610,AT4G32530,N,N
AT1G06670,AT2G30800,N,Y
AT1G11670,AT1G61890,N,N
AT3G48930,AT5G23740,N,N
AT1G50280,AT3G19850,N,N
AT1G05230,AT2G32370,N,N
AT1G21910,AT1G77640,N,N
AT1G19680,AT1G75400,N,N
AT1G16010,AT1G80900,N,N
AT2G23760,AT4G36870,N,N
AT5G09220,AT5G63850,Y,N
AT1G66200,AT5G37600,N,N
AT3G50060,AT5G67300,N,N
AT2G32220,AT4G15000,N,N
AT1G30650,AT2G34830,N,N
AT1G28290,AT2G33790,N,N
AT5G07230,AT5G62080,N,N
AT3G48520,AT5G63450,N,N
AT3G49800,AT5G65910,N,Y
AT4G11950,AT4G22900,N,N
AT4G26740,AT5G55240,N,N
AT3G46520,AT5G59370,N,N
AT1G09310,AT1G56580,N,N
AT1G16460,AT1G79230,Y,N
AT3G03110,AT5G17020,N,N
AT1G18460,AT1G73920,N,N
AT1G26960,AT1G69780,N,N
AT1G17710,AT1G73010,N,N
AT1G14910,AT2G01600,N,N
AT3G08910,AT5G01390,N,N
AT1G02750,AT4G02200,N,Y
AT5G10100,AT5G65140,N,N
AT5G08070,AT5G60970,N,N
AT1G53310,AT3G14940,N,N
AT5G10570,AT5G65640,N,N
AT2G37030,AT3G53250,N,N
AT3G02080,AT5G15520,N,N
AT1G52690,AT3G15670,N,N
AT1G55570,AT3G13390,N,N
AT1G23700,AT1G70430,N,N
AT1G10730,AT1G60780,N,N
AT3G45240,AT5G60550,N,N
AT4G12600,AT4G22380,N,N
AT3G49930,AT5G67450,N,N
AT3G50310,AT5G67080,N,N
AT1G04340,AT5G43460,N,N
AT1G17730,AT1G73030,Y,N
AT3G10640,AT5G04850,N,N
AT3G04810,AT5G28290,N,N
AT1G20220,AT1G76010,N,N
AT3G27570,AT5G40510,N,N
AT3G50900,AT5G66490,N,N
AT1G05300,AT2G32270,N,N
AT3G49560,AT5G24650,N,N
AT1G53650,AT3G14450,N,N
AT3G06130,AT5G19090,N,N
AT3G05630,AT3G16785,N,N
AT3G44720,AT5G22630,N,N
AT5G07800,AT5G61290,N,N
AT1G04410,AT5G43330,N,N
AT1G45000,AT5G43010,N,N
AT1G31130,AT5G44860,N,N
AT4G26620,AT5G55900,N,N
AT4G25150,AT5G51260,N,N
AT5G10510,AT5G65510,N,N
AT3G48360,AT5G63160,N,N
AT3G45600,AT5G60220,N,N
AT2G42200,AT3G57920,N,N
AT2G44650,AT3G60210,Y,N
AT4G25800,AT5G57580,N,N
AT1G52770,AT3G15570,N,N
AT3G25030,AT4G13100,N,N
AT1G54080,AT3G14100,N,N
AT1G63450,AT5G41250,N,N
AT3G02180,AT5G15600,N,N
AT1G20930,AT1G76540,N,N
AT1G19650,AT1G75370,N,N
AT1G22130,AT1G77980,N,N
AT3G03160,AT5G17190,N,N
AT2G37620,AT3G53750,N,N
AT1G14360,AT2G02810,N,N
AT1G49780,AT3G19380,N,N
AT1G22490,AT1G72210,N,N
AT3G47060,AT5G58870,N,N
AT4G17980,AT5G46590,N,N
AT1G25240,AT1G68110,N,N
AT3G47600,AT5G62470,N,N
AT1G11950,AT1G62310,N,N
AT1G11170,AT1G61240,N,N
AT1G26360,AT1G69240,N,N
AT1G16220,AT1G79630,N,N
AT3G45060,AT5G60780,N,N
AT1G30900,AT2G34940,N,N
AT3G09670,AT5G02950,N,N
AT1G16440,AT1G79250,N,N
AT1G51950,AT3G16500,N,N
AT2G16900,AT4G35110,Y,N
AT2G36060,AT3G52560,N,Y
AT3G48980,AT5G23850,N,N
AT3G02000,AT5G14070,N,N
AT1G21010,AT1G76600,N,N
AT1G03130,AT4G02770,N,N
AT2G42980,AT3G59080,N,N
AT2G47460,AT3G62610,N,N
AT2G39250,AT3G54990,N,N
AT4G25440,AT5G51980,N,N
AT3G11430,AT5G06090,N,N
AT1G08080,AT2G28210,N,N
AT1G06130,AT2G31350,N,N
AT3G48240,AT5G63130,N,N
AT1G12070,AT1G62450,N,N
AT1G63800,AT5G41340,Y,N
AT3G10860,AT5G05370,N,N
AT1G53100,AT3G15350,N,N
AT1G49480,AT3G18990,Y,N
AT3G22750,AT4G14780,N,N
AT2G21140,AT4G38770,N,N
AT4G25410,AT5G51790,N,N
AT2G40280,AT3G56080,Y,N
AT1G48590,AT3G17980,N,N
AT1G18890,AT1G74740,N,N
AT1G17500,AT1G72700,Y,N
AT1G03457,AT4G03110,N,N
AT2G21770,AT4G39350,N,N
AT3G47500,AT5G62430,N,N
AT2G46170,AT3G61560,N,N
AT1G06040,AT2G31380,N,N
AT1G14450,AT2G02510,N,N
AT2G38620,AT3G54180,N,N
AT1G01470,AT2G46140,N,N
AT1G05000,AT2G32960,N,N
AT3G02230,AT5G15650,N,N
AT2G46270,AT4G01120,N,N
AT3G01320,AT5G15020,N,N
AT1G06890,AT2G30460,N,N
AT1G64670,AT5G41900,N,N
AT1G69370,AT3G29200,N,N
AT4G17270,AT5G47540,N,Y
AT3G02780,AT5G16440,N,N
AT3G23210,AT4G14410,N,Y
AT2G21240,AT4G38910,N,N
AT3G50990,AT5G66390,N,N
AT3G04510,AT5G28490,N,N
AT1G10410,AT1G59650,N,N
AT1G06770,AT2G30580,N,N
AT2G40300,AT3G56090,N,N
AT5G09900,AT5G64760,N,N
AT1G05320,AT2G32240,N,N
AT2G21430,AT4G39090,N,N
AT1G48440,AT3G17780,N,N
AT1G16240,AT1G79590,N,N
AT1G29640,AT2G34340,N,N
AT1G18150,AT1G73670,N,N
AT1G24150,AT1G70140,N,N
AT2G41850,AT3G57510,N,N
AT1G07380,AT5G58980,N,N
AT3G27330,AT5G40720,N,N
AT1G14410,AT2G02740,N,N
AT4G19600,AT5G45190,Y,N
AT2G36640,AT3G53040,N,N
AT1G29980,AT2G34510,N,N
AT3G51460,AT5G66020,N,N
AT3G01270,AT5G15110,N,N
AT3G10660,AT5G04870,N,N
AT1G35140,AT4G08950,N,N
AT1G66900,AT5G38220,N,N
AT2G42150,AT3G57980,N,N
AT1G12760,AT1G63170,N,N
AT2G15300,AT4G34220,N,N
AT1G49240,AT3G18780,N,N
AT1G02840,AT4G02430,Y,N
AT3G11020,AT5G05410,N,N
AT1G06430,AT2G30950,N,N
AT4G12460,AT4G22540,Y,N
AT1G19900,AT1G75620,N,N
AT2G46590,AT3G61850,N,N
AT3G11510,AT3G52580,N,N
AT5G07710,AT5G61390,N,N
AT3G11910,AT5G06600,N,N
AT3G27560,AT5G40540,N,N
AT3G46590,AT5G59430,N,N
AT4G26700,AT5G55400,Y,N
AT1G14510,AT2G02470,N,Y
AT1G02810,AT4G02330,N,N
AT2G38940,AT3G54700,N,N
AT1G30910,AT5G44720,N,N
AT3G08770,AT5G01870,N,N
AT1G07330,AT2G29620,N,N
AT2G43790,AT3G59790,N,N
AT5G11060,AT5G25220,N,N
AT1G05070,AT2G32580,N,N
AT2G25940,AT4G32940,N,N
AT4G18375,AT5G46190,N,N
AT1G51960,AT3G16490,N,N
AT3G07110,AT5G48760,N,N
AT2G16700,AT4G34970,Y,Y
AT4G19410,AT5G45280,Y,N
AT1G63430,AT5G41180,N,N
AT1G53850,AT3G14290,N,Y
AT3G03860,AT5G18120,N,N
AT4G26270,AT5G56630,N,N
AT1G10850,AT1G60630,N,N
AT4G26550,AT5G56020,N,N
AT2G36390,AT5G03650,Y,Y
AT3G01950,AT5G14110,N,N
AT1G23190,AT1G70730,N,N
AT1G22150,AT1G78000,N,N
AT3G45610,AT5G60200,N,N
AT2G19770,AT4G29340,N,N
AT3G01690,AT5G14390,N,N
AT2G43240,AT3G59360,N,N
AT3G03910,AT5G18170,N,N
AT5G10280,AT5G65230,N,N
AT1G18410,AT1G73860,N,N
AT1G55310,AT3G13570,Y,Y
AT3G11280,AT5G05790,N,N
AT1G17810,AT1G73190,N,N
AT2G41630,AT3G57370,Y,N
AT1G22840,AT4G10040,N,N
AT1G09350,AT1G56600,N,N
AT1G13460,AT3G26020,N,Y
AT3G29035,AT5G39610,N,N
AT3G12320,AT5G06980,N,Y
AT3G02460,AT5G15930,N,N
AT1G04990,AT2G32930,Y,N
AT1G55360,AT3G13510,N,N
AT1G09550,AT1G57590,N,N
AT4G19660,AT5G45110,N,N
AT4G17710,AT5G46880,N,N
AT3G23070,AT4G14510,N,Y
AT5G08250,AT5G23190,N,N
AT2G44150,AT3G59960,N,N
AT1G50460,AT3G20040,Y,N
AT3G05120,AT5G27320,N,N
AT2G37040,AT3G53260,N,N
AT2G16380,AT4G34580,N,N
AT1G18690,AT1G74380,N,N
AT3G48100,AT5G62920,N,N
AT2G39290,AT3G55030,N,N
AT3G45310,AT5G60360,N,N
AT1G26920,AT1G69760,N,N
AT1G18620,AT1G74160,N,N
AT1G04370,AT5G43410,N,N
AT4G25420,AT5G51810,N,N
AT1G02720,AT4G02130,N,N
AT1G36730,AT1G77840,N,N
AT1G11930,AT4G26860,N,Y
AT2G47690,AT3G62790,N,N
AT2G17620,AT4G35620,N,Y
AT3G09490,AT5G02590,N,N
AT1G26770,AT1G69530,N,N
AT1G02370,AT4G01990,N,N
AT3G06190,AT5G19000,Y,Y
AT3G10600,AT5G04770,N,N
AT3G21620,AT4G15430,N,N
AT1G24735,AT1G67980,N,N
AT1G13900,AT2G03450,N,N
AT1G49720,AT3G19290,N,N
AT2G40400,AT3G56140,N,N
AT3G45810,AT5G60010,N,N
AT4G18880,AT5G45710,N,N
AT5G10840,AT5G25100,N,N
AT2G25540,AT4G32410,N,N
AT2G20140,AT4G29040,N,N
AT4G12060,AT4G25370,N,Y
AT3G03870,AT5G18130,N,N
AT2G16090,AT4G34370,N,N
AT5G10120,AT5G65100,N,N
AT3G03060,AT5G16930,N,N
AT1G55110,AT3G13810,N,N
AT2G36400,AT3G52910,N,N
AT1G10930,AT1G60930,N,N
AT3G04590,AT5G28590,N,N
AT2G23520,AT4G37100,N,N
AT1G06970,AT2G30240,N,N
AT1G26260,AT1G68920,N,N
AT3G01640,AT5G14470,N,N
AT1G28330,AT2G33830,Y,N
AT1G14690,AT2G01910,N,N
AT1G04810,AT2G32730,N,N
AT4G18050,AT5G46540,N,N
AT1G20340,AT1G76100,N,N
AT3G22630,AT4G14800,N,N
AT5G12000,AT5G26150,N,N
AT1G04360,AT5G43420,N,N
AT3G09710,AT5G03040,N,N
AT4G17660,AT5G47070,N,N
AT3G05610,AT5G27870,N,N
AT3G42670,AT5G20420,N,N
AT1G18350,AT1G73500,N,N
AT4G03820,AT4G22270,N,N
AT4G11880,AT4G22950,N,N
AT2G26570,AT4G33390,N,N
AT1G19350,AT1G75080,N,N
AT1G19700,AT1G75410,Y,N
AT3G09240,AT5G01060,N,N
AT2G45080,AT3G60550,N,N
AT1G52930,AT3G15460,N,N
AT2G19170,AT4G30020,N,Y
AT4G18820,AT5G45720,N,N
AT4G12560,AT4G22390,N,N
AT2G21600,AT4G39220,N,Y
AT1G19450,AT1G75220,N,N
AT2G37600,AT5G02450,N,N
AT1G64090,AT5G41600,N,N
AT2G46310,AT3G61630,N,N
AT2G39460,AT3G55280,N,N
AT5G10240,AT5G65010,N,Y
AT1G15960,AT1G80830,N,Y
AT3G21880,AT4G15250,N,N
AT4G27950,AT5G53290,N,N
AT2G44680,AT3G60250,N,N
AT4G27910,AT5G53430,N,N
AT1G13880,AT2G03470,N,N
AT2G14760,AT4G33880,N,N
AT4G17670,AT5G47060,N,N
AT4G12410,AT4G22620,N,N
AT3G03050,AT5G16910,N,N
AT4G17490,AT5G47230,N,N
AT1G15030,AT2G01260,N,N
AT2G22950,AT4G37640,N,N
AT1G52280,AT3G16100,N,N
AT2G25180,AT4G31920,N,N
AT1G12900,AT3G26650,N,N
AT1G54200,AT3G13980,N,N
AT2G21410,AT4G39080,N,Y
AT2G47630,AT3G62860,N,N
AT3G01600,AT5G14490,N,N
AT1G33170,AT4G10440,N,N
AT2G20260,AT4G28750,Y,N
AT1G04610,AT2G33230,N,N
AT2G39770,AT3G55590,N,N
AT4G10730,AT4G24100,N,N
AT1G06250,AT2G31100,N,N
AT2G15090,AT4G34250,N,N
AT1G66740,AT5G38110,N,N
AT1G22650,AT1G72000,N,N
AT1G07630,AT2G28890,N,N
AT1G52730,AT3G15610,Y,N
AT1G18400,AT1G73830,N,N
AT4G21020,AT5G44310,N,N
AT2G45210,AT3G60690,N,N
AT1G54130,AT3G14050,N,N
AT3G06830,AT5G49180,N,N
AT1G21720,AT1G77440,Y,N
AT1G49890,AT3G19570,Y,N
AT2G19710,AT4G29440,N,N
AT1G12780,AT1G63180,N,N
AT1G48990,AT3G18570,N,N
AT4G11220,AT4G23630,N,N
AT2G47110,AT3G62250,N,N
AT3G48680,AT5G63510,N,N
AT1G31230,AT4G19710,N,N
AT4G11920,AT4G22910,N,N
AT1G16470,AT1G79210,N,N
AT2G18600,AT4G36800,N,N
AT4G12050,AT4G22810,N,N
AT1G01030,AT4G01500,N,N
AT1G18210,AT1G73630,Y,N
AT2G20750,AT4G28250,N,N
AT2G44190,AT3G60000,N,N
AT1G16840,AT1G78890,Y,N
AT4G20890,AT5G44340,N,N
AT1G01790,AT4G00630,Y,N
AT1G50700,AT3G20410,N,N
AT1G55490,AT3G13470,N,N
AT1G11250,AT1G61290,N,N
AT2G17290,AT4G35310,N,N
AT2G37220,AT3G53460,N,N
AT1G23040,AT1G70990,N,N
AT2G38700,AT3G54250,N,N
AT4G25200,AT5G51440,N,N
AT1G10210,AT1G59580,N,N
AT1G13450,AT3G25990,N,N
AT4G25940,AT5G57200,N,N
AT4G04620,AT4G21980,N,N
AT1G15730,AT1G80480,N,N
AT3G23670,AT4G14150,N,N
AT3G46440,AT5G59290,Y,N
AT1G52910,AT3G15480,N,N
AT2G23680,AT4G37220,N,N
AT1G51390,AT3G20970,N,N
AT1G15950,AT1G80820,N,N
AT1G17750,AT1G73080,N,N
AT1G23820,AT1G70310,Y,N
AT3G47380,AT5G62350,N,N
AT1G15870,AT1G80720,N,N
AT1G13280,AT3G25780,N,N
AT2G23940,AT4G30500,N,N
AT1G51520,AT3G21100,N,N
AT1G14860,AT2G01670,N,N
AT3G24620,AT4G13240,N,N
AT3G07340,AT5G48560,N,N
AT4G11010,AT4G23900,N,N
AT3G44280,AT5G22280,N,N
AT3G46820,AT5G59160,N,Y
AT1G20380,AT1G76140,N,Y
AT2G45010,AT5G51400,N,N
AT2G46160,AT3G61550,N,N
AT2G20530,AT4G28510,N,N
AT3G04920,AT5G28060,N,N
AT1G48630,AT3G18130,N,N
AT1G02460,AT4G01890,N,N
AT1G19180,AT1G74950,N,N
AT1G09240,AT1G56430,N,N
AT4G24390,AT5G49980,N,N
AT2G24420,AT4G31340,Y,Y
AT3G26960,AT5G41050,N,N
AT2G36350,AT3G52890,N,N
AT2G47970,AT3G63000,N,N
AT1G05580,AT2G31910,N,N
AT1G04570,AT2G33280,N,N
AT1G67250,AT5G38650,N,N
AT4G18700,AT5G45810,N,N
AT1G26790,AT1G69570,N,N
AT2G25170,AT4G31900,N,N
AT2G14880,AT4G34290,N,N
AT1G03730,AT4G03600,N,N
AT1G16890,AT1G78870,N,Y
AT2G44770,AT3G60260,N,N
AT1G53160,AT3G15270,N,N
AT1G22050,AT1G77870,N,N
AT3G09770,AT5G03200,N,N
AT1G07360,AT2G29580,N,N
AT1G17790,AT1G73150,N,N
AT2G24450,AT4G31370,N,N
AT4G28760,AT5G43880,N,N
AT1G48030,AT3G17240,N,Y
AT4G11260,AT4G23570,N,N
AT1G20900,AT1G76500,N,N
AT2G25520,AT4G32390,N,N
AT1G20860,AT1G76430,N,N
AT1G10430,AT1G59830,N,N
AT1G14420,AT2G02720,N,N
AT3G50220,AT5G67210,N,N
AT4G17560,AT5G47190,Y,N
AT2G46810,AT3G61950,N,N
AT1G18160,AT1G73660,N,N
AT2G17450,AT4G35480,N,N
AT2G21320,AT4G38960,N,Y
AT2G18480,AT4G36670,N,N
AT3G04010,AT5G18220,N,N
AT2G24530,AT4G31440,N,N
AT3G11100,AT5G05550,N,N
AT3G46130,AT5G59780,N,Y
AT2G37980,AT3G54100,N,N
AT1G48920,AT3G18610,Y,N
AT2G39480,AT3G55320,N,N
AT4G05190,AT4G21270,N,N
AT2G24320,AT4G31020,N,N
AT4G26480,AT5G56140,N,N
AT1G18040,AT1G73690,N,N
AT2G38820,AT3G54550,N,N
AT1G52880,AT3G15510,N,N
AT2G21590,AT4G39210,N,N
AT2G47250,AT3G62310,Y,Y
AT2G16595,AT2G21160,N,N
AT2G40010,AT3G11250,N,N
AT1G04550,AT2G33310,Y,N
AT1G06920,AT2G30400,N,N
AT4G05420,AT4G21100,Y,N
AT1G01520,AT4G01280,N,N
AT5G15200,AT5G39850,N,N
AT3G55630,AT5G05980,Y,Y
AT4G26780,AT5G55200,N,N
AT3G46900,AT5G59030,N,N
AT1G19050,AT1G74890,N,N
AT1G23210,AT1G70710,N,N
AT1G52600,AT3G15710,N,N
AT1G10350,AT1G59725,N,N
AT2G21380,AT4G39050,N,Y
AT1G13050,AT3G26350,N,N
AT4G20900,AT5G44330,N,N
AT4G25890,AT5G57290,N,N
AT1G18200,AT1G73640,N,N
AT4G26910,AT5G55070,N,N
AT1G45145,AT5G42980,N,N
AT4G17615,AT5G47100,N,N
AT4G17600,AT5G47110,N,Y
AT5G07350,AT5G61780,N,N
AT3G09350,AT3G53800,Y,N
AT2G26060,AT4G32990,N,N
AT4G17870,AT5G46790,N,N
AT2G01330,AT3G18060,N,N
AT1G06150,AT2G31280,N,N
AT3G48710,AT5G63550,N,N
AT1G06080,AT2G31360,N,N
AT2G43490,AT3G59570,N,N
AT2G22310,AT4G39910,N,N
AT2G19330,AT4G29880,N,N
AT3G06330,AT5G18760,N,N
AT1G10640,AT1G60590,N,N
AT1G02650,AT4G02100,N,N
AT2G43680,AT3G59690,N,N
AT3G27170,AT5G40890,N,N
AT2G18120,AT4G36260,N,N
AT4G27440,AT5G54190,N,N
AT3G50840,AT5G66560,N,Y
AT3G43220,AT5G20840,Y,Y
AT2G22190,AT4G39770,N,N
AT3G27300,AT5G40760,N,N
AT2G16730,AT4G35010,N,N
AT1G32150,AT2G35530,N,N
AT1G21080,AT1G76700,Y,N
AT4G04630,AT4G21970,N,N
AT3G10500,AT5G04410,N,N
AT4G18920,AT5G45690,N,N
AT1G33260,AT4G10390,N,N
AT2G19120,AT4G30100,N,N
AT3G50410,AT5G66940,N,N
AT1G10560,AT1G60190,N,N
AT1G17290,AT1G72330,N,N
AT1G55650,AT3G13350,N,N
AT3G04980,AT5G27240,N,N
AT1G05810,AT2G31680,N,N
AT5G10270,AT5G64960,N,Y
AT4G11300,AT4G23530,N,N
AT1G15490,AT1G80280,N,N
AT1G06830,AT2G30540,N,N
AT4G24970,AT5G50780,N,N
AT5G09330,AT5G64060,N,N
AT1G04830,AT4G13730,Y,Y
AT4G12080,AT4G22770,N,N
AT1G12040,AT1G62440,N,N
AT1G10470,AT1G59940,N,N
AT1G52830,AT3G15540,N,N
AT4G26260,AT5G56640,N,N
AT1G10140,AT1G58420,N,N
AT4G26080,AT5G57050,N,N
AT4G26060,AT5G57060,N,N
AT2G41860,AT3G57530,N,Y
AT2G45120,AT3G60580,N,N
AT3G07600,AT5G48290,N,N
AT2G39430,AT3G55230,N,N
AT1G18670,AT1G74330,N,N
AT2G19780,AT4G29240,N,N
AT3G27430,AT5G40580,N,N
AT3G48390,AT5G63190,N,N
AT2G36500,AT3G52950,N,N
AT2G36620,AT3G53020,N,N
AT3G05560,AT5G27770,Y,N
AT1G50740,AT3G20510,N,N
AT5G11090,AT5G25280,N,N
AT2G19750,AT5G56670,N,N
AT3G06310,AT5G18800,N,Y
AT2G44430,AT3G60110,N,N
AT1G53730,AT3G14350,N,Y
AT5G10450,AT5G65430,N,Y
AT1G04520,AT2G33330,N,N
AT1G05450,AT3G22620,N,N
AT3G10200,AT5G04060,N,N
AT2G45830,AT3G61270,N,N
AT3G27970,AT5G40310,N,N
AT1G15940,AT1G80810,N,Y
AT4G24770,AT5G50250,N,N
AT1G14685,AT2G01930,N,Y
AT1G45170,AT5G42960,N,N
AT1G16170,AT1G79660,N,N
AT1G10650,AT1G60610,N,N
AT1G06070,AT2G31370,N,N
AT3G11580,AT5G06250,N,N
AT1G50630,AT3G20300,N,N
AT1G51770,AT3G21310,N,N
AT2G45070,AT3G60540,Y,N
AT1G49450,AT3G18950,N,N
AT1G19000,AT1G74840,N,N
AT2G41330,AT3G57070,N,N
AT1G07870,AT2G28590,N,N
AT3G02520,AT5G16050,N,N
AT1G21810,AT1G77580,N,N
AT5G07290,AT5G61960,N,Y
AT1G23550,AT1G70440,N,N
AT1G49490,AT3G19020,N,N
AT3G46930,AT5G58950,N,N
AT3G11570,AT5G06230,N,N
AT3G06340,AT5G18750,N,N
AT2G19720,AT4G29430,N,N
AT1G14970,AT2G01480,N,N
AT1G06180,AT2G31180,N,N
AT2G42670,AT3G58670,Y,Y
AT1G15750,AT1G80490,N,N
AT4G27520,AT5G53870,N,N
AT1G04600,AT2G33240,N,N
AT4G25990,AT5G57180,N,N
AT2G15530,AT4G34040,N,N
AT3G07780,AT5G48160,N,N
AT3G50820,AT5G66570,N,N
AT1G11700,AT1G61930,N,N
AT2G21990,AT4G39610,N,N
AT2G47640,AT3G62840,N,N
AT4G17280,AT5G47530,N,N
AT3G04000,AT5G18210,N,N
AT3G04860,AT5G28150,N,N
AT4G11350,AT4G23490,N,N
AT3G04030,AT5G18240,N,Y
AT3G51080,AT5G66320,N,N
AT2G46210,AT3G61580,N,N
AT1G52660,AT3G15700,N,N
AT5G11730,AT5G25970,N,N
AT2G17380,AT4G35410,N,N
AT3G44260,AT5G22250,N,N
AT4G27100,AT5G54780,N,N
AT2G20290,AT4G28710,N,N
AT1G13210,AT3G25610,N,N
AT2G24370,AT4G31230,N,Y
AT2G26080,AT4G33010,N,N
AT1G49300,AT3G18820,N,N
AT1G10960,AT1G60950,N,N
AT1G08420,AT2G27210,N,N
AT4G19040,AT5G45560,N,N
AT5G09800,AT5G64660,N,N
AT2G16500,AT4G34710,N,N
AT1G15480,AT1G80270,N,N
AT1G23710,AT1G70420,N,N
AT1G53910,AT3G14230,N,N
AT1G15570,AT1G80370,N,Y
AT1G48110,AT3G17330,N,N
AT1G22200,AT1G36050,Y,N
AT1G21740,AT1G77500,N,N
AT1G19830,AT1G75580,N,N
AT1G17310,AT1G72350,N,N
AT3G09880,AT5G03470,N,N
AT1G17920,AT1G73360,N,N
AT4G20390,AT5G44550,N,N
AT2G23980,AT4G30560,N,N
AT2G46770,AT3G61910,N,N
AT1G23460,AT1G70500,N,N
AT3G27390,AT5G40640,N,N
AT2G17630,AT4G35630,N,N
AT2G24240,AT4G30940,N,N
AT1G13320,AT1G25490,Y,N
AT5G09760,AT5G64640,N,N
AT3G06140,AT5G19080,N,N
AT3G47550,AT5G62460,N,N
AT1G18360,AT1G73480,N,N
AT1G21060,AT1G76620,N,N
AT1G35160,AT4G09000,Y,N
AT2G47060,AT3G62220,N,N
AT4G05020,AT4G21490,N,N
AT4G25740,AT5G52650,N,N
AT3G21600,AT4G15450,N,N
AT3G06080,AT5G19160,N,N
AT2G42380,AT3G58120,N,N
AT1G11990,AT1G62330,N,N
AT1G25250,AT1G68130,N,N
AT4G25620,AT5G52430,N,N
AT2G25290,AT4G32070,N,N
AT2G17110,AT4G35240,N,N
AT2G36410,AT3G52920,N,N
AT1G07140,AT2G30060,N,N
AT3G12370,AT5G13510,N,N
AT1G45545,AT5G42880,N,N
AT2G45810,AT3G61240,N,N
AT2G46970,AT3G62090,N,N
AT1G28050,AT2G33500,N,N
AT3G06410,AT5G18550,N,Y
AT1G11740,AT1G62050,N,N
AT3G05010,AT5G27210,N,N
AT3G27280,AT5G40770,N,N
AT1G17480,AT1G72670,N,N
AT2G21520,AT4G39170,N,N
AT2G21060,AT4G38680,N,N
AT5G10530,AT5G65600,N,N
AT2G36580,AT3G52990,N,N
AT1G10540,AT1G60030,N,N
AT1G51660,AT3G21220,N,N
AT1G12360,AT4G12120,Y,N
AT2G22830,AT4G37760,N,N
AT1G23310,AT1G70580,Y,N
AT3G48730,AT5G63570,N,Y
AT5G10290,AT5G65240,N,N
AT1G66180,AT5G37540,N,N
AT2G39130,AT3G54830,N,N
AT1G64200,AT4G11150,N,N
AT1G50140,AT3G19740,N,Y
AT1G55210,AT3G13650,N,N
AT1G56150,AT3G12830,N,N
AT2G16780,AT4G35050,N,N
AT1G53660,AT3G14410,N,Y
AT5G09870,AT5G64740,N,N
AT2G43500,AT3G59580,N,N
AT1G49740,AT3G19310,N,N
AT1G10530,AT1G60010,N,N
AT2G44090,AT3G59910,N,N
AT1G04540,AT2G33320,N,N
AT1G12310,AT1G62820,N,N
AT1G51190,AT3G20840,N,N
AT3G50500,AT5G66880,N,Y
AT1G22500,AT1G72200,N,N
AT1G03080,AT4G02710,N,N
AT1G08040,AT2G28310,Y,Y
AT1G11180,AT1G61250,Y,N
AT1G16300,AT1G79530,Y,N
AT3G11550,AT5G06200,N,N
AT2G16660,AT4G34950,N,N
AT2G19740,AT5G56710,N,N
AT4G11960,AT4G22890,N,N
AT1G15100,AT2G01150,N,N
AT2G24300,AT4G31000,N,N
AT2G37430,AT3G53600,N,N
AT3G23810,AT4G13940,N,N
AT1G06680,AT2G30790,N,N
AT3G46620,AT5G59550,N,N
AT2G42830,AT3G58780,N,N
AT4G17520,AT5G47210,N,N
AT2G22270,AT4G39860,Y,N
AT2G21120,AT4G38730,N,N
AT2G47050,AT3G62180,N,N
AT2G38970,AT3G54780,N,N
AT3G05830,AT5G26770,N,N
AT3G06380,AT5G18680,N,N
AT1G54120,AT3G14060,N,N
AT4G24260,AT5G49720,N,N
AT2G37570,AT5G02480,N,N
AT1G64190,AT5G41670,N,N
AT1G03050,AT4G02650,N,N
AT1G12820,AT3G26810,N,N
AT3G23770,AT4G14080,N,N
AT1G10290,AT1G59610,N,Y
AT4G17900,AT5G46710,N,N
AT4G25360,AT5G51640,N,N
AT2G23630,AT4G37160,N,Y
AT2G45960,AT3G61430,N,N
AT4G12040,AT4G22820,N,N
AT1G08760,AT2G31920,N,N
AT1G63640,AT5G41310,N,N
AT4G04860,AT4G21810,N,N
AT2G19670,AT4G29510,N,N
AT1G33490,AT4G10140,N,N
AT3G06010,AT5G19310,N,N
AT5G09570,AT5G64400,N,Y
AT3G50000,AT5G67380,N,N
AT1G20200,AT1G75990,N,N
AT2G17860,AT4G36010,N,N
AT3G02380,AT5G15840,N,Y
AT3G22220,AT4G15020,Y,N
AT4G24640,AT5G50030,N,N
AT1G09940,AT1G58290,N,N
AT1G25340,AT1G68320,N,N
AT2G42290,AT3G57830,N,N
AT2G16720,AT4G34990,N,N
AT2G22810,AT4G37770,N,N
AT1G06160,AT2G31230,N,N
AT2G22170,AT4G39730,N,N
AT3G10090,AT5G03850,N,N
AT1G50610,AT3G20190,N,N
AT2G25220,AT4G32000,N,N
AT1G48040,AT3G17250,N,N
AT1G10820,AT1G60670,N,N
AT1G55610,AT3G13380,N,N
AT1G50370,AT3G19980,N,Y
AT3G01520,AT5G14680,N,N
AT1G05640,AT2G31820,N,N
AT4G31290,AT5G26220,N,N
AT3G09690,AT5G02970,N,N
AT5G08300,AT5G23250,N,Y
AT1G51700,AT3G21270,N,N
AT2G17880,AT4G36040,N,N
AT2G43020,AT3G59050,N,N
AT4G04610,AT4G21990,N,N
AT3G48590,AT5G63470,N,N
AT3G02830,AT5G16540,N,N
AT3G22780,AT4G14770,N,N
AT1G32230,AT2G35510,Y,Y
AT3G49850,AT5G67580,N,Y
AT2G41560,AT3G57330,N,N
AT2G44910,AT3G60390,N,N
AT2G41240,AT3G56980,N,N
AT1G11630,AT1G61870,N,N
AT5G08330,AT5G23280,N,N
AT1G05170,AT2G32430,N,N
AT2G22360,AT4G39960,N,N
AT1G53500,AT3G14790,N,N
AT3G04700,AT5G28690,N,N
AT4G26720,AT5G55260,Y,N
AT1G16380,AT1G79400,N,N
AT4G27260,AT5G54510,N,N
AT1G18500,AT1G74040,N,Y
AT1G09540,AT1G57560,N,N
AT1G22780,AT1G34030,N,N
AT1G53190,AT3G15070,N,N
AT1G14370,AT2G02800,N,N
AT1G14280,AT2G02950,N,N
AT1G80230,AT3G15640,N,N
AT3G24670,AT4G13210,N,N
AT1G12610,AT1G63030,N,N
AT1G32790,AT4G10610,Y,N
AT2G23420,AT4G36940,Y,Y
AT1G05100,AT2G32510,N,N
AT1G02500,AT4G01850,N,N
AT5G09540,AT5G64360,N,N
AT2G17870,AT4G36020,N,N
AT2G24360,AT4G31170,N,N
AT5G07680,AT5G61430,N,N
AT4G12430,AT4G22590,N,N
AT1G22240,AT1G78160,N,N
AT1G02390,AT4G01950,N,N
AT1G01430,AT4G01080,N,N
AT2G46530,AT3G61830,N,N
AT1G20550,AT1G76270,N,N
AT1G51980,AT3G16480,N,N
AT4G24940,AT5G50580,N,N
AT1G52230,AT3G16140,N,N
AT3G43190,AT5G20830,N,N
AT2G47870,AT3G62950,N,N
AT2G16570,AT4G34740,N,N
AT4G25090,AT5G51060,N,N
AT2G21220,AT4G38860,N,N
AT2G21580,AT4G39200,N,N
AT1G04230,AT5G43720,Y,N
AT3G24120,AT4G13640,N,N
AT3G01540,AT5G14610,Y,N
AT1G18800,AT1G74560,N,N
AT1G54270,AT3G13920,N,N
AT3G09980,AT5G03660,N,N
AT2G25670,AT4G32610,N,N
AT3G05580,AT5G27840,N,N
AT1G12270,AT1G62740,N,N
AT1G16760,AT1G78940,N,N
AT4G25320,AT5G51590,N,N
AT1G14670,AT2G01970,N,N
AT3G27860,AT5G40340,N,N
AT3G07720,AT5G48180,N,N
AT1G10900,AT1G60890,Y,N
AT5G10470,AT5G65460,N,Y
AT2G36250,AT3G52750,Y,N
AT3G49680,AT5G65780,N,N
AT1G15540,AT1G80320,N,N
AT1G47200,AT5G43070,N,N
AT1G45688,AT5G42860,N,N
AT3G49350,AT5G24390,N,N
AT2G28540,AT3G45630,N,N
AT1G11310,AT1G61560,N,N
AT3G01140,AT5G15310,Y,N
AT1G22530,AT1G72150,N,N
AT1G69330,AT3G29270,N,N
AT2G23300,AT4G37250,N,N
AT2G22690,AT4G37880,N,N
AT1G01600,AT4G00360,N,N
AT2G17640,AT4G35640,N,N
AT1G06760,AT2G30620,N,N
AT3G44850,AT5G22840,N,N
AT2G43290,AT3G59440,N,N
AT1G25270,AT1G68170,N,N
AT1G66160,AT5G37490,N,N
AT4G04890,AT4G21750,N,N
AT2G40240,AT3G56030,N,N
AT2G41130,AT3G56770,N,N
AT1G52570,AT3G15730,N,N
AT4G11860,AT4G22960,N,N
AT1G34550,AT4G09630,N,N
AT2G46180,AT3G61570,N,N
AT3G05590,AT5G27850,N,N
AT1G03790,AT5G44260,N,N
AT4G05000,AT4G21560,N,N
AT1G51220,AT3G20880,N,N
AT3G50960,AT5G66410,N,N
AT3G25290,AT4G12980,N,N
AT3G11330,AT5G05850,N,N
AT4G25900,AT5G57330,N,N
AT4G19130,AT5G45400,N,N
AT2G36320,AT3G52800,N,N
AT3G49370,AT5G24430,N,N
AT2G22330,AT4G39950,N,N
AT3G48740,AT5G23660,N,N
AT4G27280,AT5G54490,N,N
AT1G18570,AT1G74080,N,N
AT1G19940,AT1G75680,N,N
AT4G20460,AT5G44480,N,N
AT1G11910,AT1G62290,N,N
AT1G26880,AT3G28900,N,N
AT1G53470,AT3G14810,N,N
AT3G09020,AT5G01250,N,N
AT1G50640,AT3G20310,N,N
AT1G12010,AT1G62380,N,N
AT2G17180,AT4G35280,N,N
AT3G46040,AT5G59850,N,N
AT1G35460,AT4G09180,N,N
AT1G33040,AT4G10480,N,N
AT1G17200,AT3G14380,N,N
AT1G55530,AT3G13430,Y,N
AT1G53165,AT3G15220,N,Y
AT1G28550,AT2G33870,N,N
AT1G20090,AT1G75840,N,N
AT1G21590,AT1G77280,N,N
AT1G04500,AT2G33350,N,N
AT4G17950,AT5G46640,N,N
AT3G49530,AT5G24590,N,N
AT2G24500,AT4G31420,N,N
AT3G49810,AT5G65920,N,N
AT3G48720,AT5G63560,N,N
AT1G15970,AT1G80850,N,N
AT2G16230,AT4G34480,N,N
AT2G24150,AT4G30850,N,N
AT1G21750,AT1G77510,N,N
AT3G10470,AT5G04390,N,N
AT4G11910,AT4G22920,N,N
AT1G04470,AT2G33420,N,N
AT3G02880,AT5G16590,N,N
AT1G48480,AT3G17840,N,N
AT2G17530,AT4G35500,N,N
AT3G10550,AT5G04540,N,N
AT1G48470,AT3G17820,N,N
AT3G05840,AT5G26751,N,N
AT1G35670,AT4G09570,N,N
AT2G42580,AT3G58620,N,N
AT1G17420,AT1G72520,N,N
AT1G23205,AT1G70720,N,N
AT1G52190,AT3G16180,N,N
AT4G04080,AT4G22220,N,N
AT2G41060,AT3G56860,N,Y
AT4G05330,AT4G21160,N,Y
AT2G40810,AT3G56440,N,N
AT2G42680,AT3G58680,N,N
AT1G10740,AT1G23330,N,N
AT3G02790,AT5G16470,N,N
AT4G20430,AT5G44530,N,N
AT2G41640,AT3G57380,N,N
AT3G02560,AT5G16130,N,N
AT3G12170,AT5G06910,N,N
AT2G46260,AT3G61600,N,N
AT2G36300,AT3G52760,N,N
AT1G14920,AT2G01570,N,N
AT3G49700,AT5G65800,N,N
AT4G26830,AT5G55180,N,N
AT1G17540,AT1G72760,N,N
AT2G37900,AT3G53960,N,N
AT1G20470,AT1G76190,N,N
AT4G25010,AT5G50800,N,N
AT1G54280,AT3G13900,N,N
AT1G14390,AT2G02780,N,N
AT1G03970,AT5G44080,N,N
AT2G27530,AT5G22440,N,N
AT3G24020,AT4G13580,N,N
AT4G17190,AT5G47770,Y,N
AT4G25530,AT5G52170,N,N
AT3G01560,AT5G14540,Y,N
AT3G07540,AT5G48360,N,N
AT1G01610,AT4G00400,N,N
AT3G24480,AT4G13340,N,N
AT2G20440,AT4G28550,N,N
AT4G26710,AT5G55290,N,N
AT4G25590,AT5G52360,N,N
AT2G36170,AT3G52590,N,N
AT1G63820,AT5G41380,N,N
AT1G05200,AT2G32390,N,N
AT4G39800,AT5G10170,N,N
AT5G09770,AT5G64650,N,N
AT4G25870,AT5G57270,N,N
AT2G36050,AT3G52540,N,N
AT4G24890,AT5G50400,N,N
AT2G44180,AT3G59990,N,N
AT1G07530,AT2G29060,N,N
AT4G25750,AT5G52860,N,N
AT2G22230,AT5G10160,N,N
AT5G09440,AT5G64260,N,N
AT2G42140,AT3G58000,N,N
AT2G22800,AT4G37790,N,N
AT3G24830,AT4G13170,N,N
AT2G25070,AT4G31860,N,N
AT1G09390,AT1G56670,N,N
AT1G01110,AT4G00820,N,N
AT4G26130,AT5G56980,N,N
AT3G25250,AT4G13000,N,N
AT5G08570,AT5G63680,N,N
AT1G21770,AT1G77540,N,N
AT2G37210,AT3G53450,N,N
AT5G08520,AT5G23650,N,N
AT2G17150,AT4G35270,N,N
AT3G22790,AT4G14760,N,N
AT2G43630,AT3G59640,N,N
AT3G23390,AT4G14320,N,N
AT1G20980,AT1G76580,N,Y
AT1G07640,AT2G28810,N,Y
AT2G46930,AT3G62060,N,N
AT3G09590,AT5G02730,N,N
AT1G56110,AT3G12860,Y,N
AT2G18180,AT4G36490,N,N
AT1G31120,AT2G35060,N,N
AT3G23790,AT4G14070,Y,N
AT1G01160,AT4G00850,N,N
AT3G05290,AT5G27520,N,N
AT1G14400,AT2G02760,N,Y
AT3G01350,AT5G14940,Y,N
AT5G07340,AT5G61790,N,N
AT1G23340,AT1G70550,N,N
AT2G21500,AT4G39140,N,N
AT2G14520,AT4G33700,N,N
AT4G27240,AT5G54630,N,N
AT2G21510,AT4G39150,N,Y
AT1G48240,AT3G17440,N,N
AT2G44100,AT3G59920,N,N
AT4G27900,AT5G53420,N,N
AT1G12710,AT1G63090,N,N
AT2G19340,AT4G29870,N,N
AT2G19090,AT4G30130,N,Y
AT4G24960,AT5G50720,N,N
AT2G40380,AT3G56110,N,Y
AT1G20823,AT1G76410,N,N
AT1G64300,AT5G41730,N,N
AT2G20680,AT4G28320,N,N
AT3G09400,AT5G02400,N,N
AT3G49940,AT5G67420,N,N
AT3G02250,AT5G15740,N,N
AT2G39640,AT3G55430,N,N
AT1G07510,AT2G29080,N,N
AT1G12640,AT1G63050,N,N
AT4G17640,AT5G47080,N,N
AT1G54220,AT3G13930,Y,Y
AT2G24060,AT4G30690,N,N
AT3G09940,AT5G03630,N,N
AT1G48840,AT3G18350,N,N
AT4G24630,AT5G50020,N,N
AT1G14630,AT2G01990,N,N
AT5G07450,AT5G61650,N,N
AT1G34020,AT4G09810,Y,N
AT1G55510,AT3G13450,N,N
AT1G45050,AT5G42990,N,N
AT1G18610,AT1G74150,N,N
AT1G23080,AT1G70940,N,N
AT4G26150,AT5G56860,N,N
AT2G25820,AT4G32800,N,N
AT4G27730,AT5G53510,N,N
AT3G49750,AT5G65830,N,N
AT1G15340,AT3G15790,N,Y
AT3G51150,AT5G66310,N,N
AT1G79550,AT3G12780,N,N
AT4G18480,AT5G45930,N,N
AT3G09840,AT5G03340,N,N
AT1G20010,AT1G75780,N,N
AT1G64610,AT5G42010,N,N
AT2G45430,AT3G60870,N,N
AT3G03450,AT5G17490,N,N
AT2G45820,AT3G61260,N,N
AT3G09930,AT5G03610,N,N
AT3G11200,AT5G05610,N,N
AT1G29170,AT2G34150,N,N
AT3G10910,AT5G05280,N,N
AT4G26590,AT5G55930,N,N
AT2G22840,AT4G37740,N,N
AT2G21210,AT4G38840,N,N
AT1G51590,AT3G21160,Y,Y
AT3G27020,AT5G41000,N,Y
AT1G18720,AT1G74440,N,Y
AT2G37340,AT3G53500,Y,Y
AT1G35580,AT4G09510,N,N
AT3G50700,AT5G66730,N,N
AT1G02980,AT4G02570,N,N
AT1G66410,AT5G37780,Y,N
AT1G12090,AT1G62510,N,N
AT2G37280,AT3G53480,N,N
AT2G40410,AT3G56170,Y,Y
AT2G21230,AT4G38900,N,N
AT2G47650,AT3G62830,N,N
AT4G04210,AT4G22150,N,N
AT1G22880,AT1G71380,N,N
AT1G14020,AT2G03280,N,N
AT3G48860,AT5G23700,N,N
AT3G03670,AT5G17820,N,N
AT3G07310,AT5G48590,N,N
AT1G02800,AT4G02290,N,N
AT2G21650,AT4G39250,N,N
AT1G49600,AT3G19130,N,N
AT3G28200,AT5G40150,N,N
AT1G20950,AT1G76550,N,N
AT1G21980,AT1G77740,N,N
AT3G42830,AT5G20570,N,N
AT1G18300,AT1G73540,N,N
AT2G47800,AT3G62700,N,N
AT2G41210,AT3G56960,N,N
AT2G41010,AT3G56880,N,N
AT1G49160,AT3G18750,N,N
AT2G47560,AT3G62690,N,N
AT2G18730,AT4G30340,N,Y
AT1G02660,AT3G62590,N,N
AT1G17430,AT1G72620,N,N
AT1G50360,AT3G19960,N,N
AT1G23790,AT1G70340,N,Y
AT1G54160,AT3G14020,N,N
AT1G04040,AT5G44020,N,N
AT1G10450,AT1G59890,N,N
AT4G27920,AT5G53160,N,Y
AT1G66880,AT5G38210,Y,Y
AT1G23350,AT1G70540,N,N
AT1G03870,AT5G44130,N,N
AT4G20140,AT5G44700,N,N
AT3G22810,AT4G14740,N,N
AT2G20400,AT4G28610,N,N
AT5G09840,AT5G64710,N,N
AT4G25100,AT5G51100,N,N
AT3G50330,AT5G67060,N,N
AT1G13860,AT2G03480,N,N
AT2G47160,AT3G62270,N,N
AT3G56360,AT5G05250,N,N
AT4G17500,AT5G47220,N,N
AT1G17880,AT1G73230,N,N
AT2G40750,AT3G56400,N,N
AT1G03610,AT4G03420,N,N
AT3G03620,AT5G17700,N,N
AT2G22680,AT4G37890,N,N
AT1G17590,AT1G72830,N,N
AT1G22990,AT1G71050,N,N
AT3G10540,AT5G04510,N,Y
AT4G26430,AT5G56280,N,N
AT3G49910,AT5G67510,N,N
AT2G25600,AT4G32500,N,N
AT3G15530,AT5G54400,N,N
AT2G46690,AT3G61900,N,N
AT1G13260,AT3G25730,N,N
AT1G28280,AT2G33780,N,N
AT2G17720,AT4G35810,N,N
AT1G25460,AT1G68540,N,N
AT1G07900,AT2G28500,N,N
AT4G05180,AT4G21280,N,N
AT2G48150,AT3G63080,N,N
AT2G41140,AT3G56760,N,N
AT2G43050,AT3G59010,N,N
AT3G49670,AT5G65700,N,N
AT2G35930,AT3G52450,N,N
AT3G10290,AT5G04160,N,N
AT1G30820,AT2G34890,N,N
AT1G05630,AT2G31830,N,N
AT1G48260,AT3G17510,N,N
AT1G17950,AT1G73410,N,N
AT1G04510,AT2G33340,Y,N
AT1G18940,AT1G74780,N,N
AT2G45050,AT3G60530,Y,N
AT1G12460,AT1G62950,N,N
AT1G52360,AT3G15980,Y,Y
AT1G20540,AT1G76260,N,Y
AT2G18380,AT4G36620,N,N
AT1G13640,AT2G03890,N,N
AT3G01770,AT5G14270,N,N
AT1G06380,AT3G58660,N,N
AT5G07580,AT5G61590,N,N
AT1G20580,AT1G76300,N,N
AT3G28500,AT5G40040,N,N
AT3G11450,AT5G06110,N,N
AT1G22220,AT1G78100,N,N
AT1G05140,AT2G32480,N,N
AT5G07620,AT5G61570,N,N
AT1G52420,AT3G15940,N,N
AT2G23290,AT4G37260,N,N
AT2G20580,AT4G28470,N,N
AT3G42880,AT5G20690,N,N
AT1G25520,AT1G68650,N,N
AT1G16490,AT1G79180,N,N
AT1G15020,AT2G01270,N,Y
AT3G02980,AT5G16800,N,N
AT1G32470,AT2G35370,N,Y
AT1G14260,AT2G02960,N,Y
AT3G12060,AT5G06700,N,N
AT4G17920,AT5G46650,N,N
AT1G33990,AT4G09900,N,N
AT1G50490,AT3G20060,N,N
AT3G06930,AT5G49020,N,Y
AT1G24140,AT1G70170,N,N
AT1G22330,AT1G78260,N,N
AT2G45160,AT3G60630,N,N
AT2G18300,AT4G36540,N,N
AT1G22160,AT1G78020,N,N
AT3G50080,AT5G67250,N,N
AT3G02470,AT5G15950,N,N
AT1G17050,AT1G78510,Y,Y
AT1G23030,AT1G71020,N,N
AT1G23760,AT1G70370,N,N
AT5G09620,AT5G64430,N,N
AT3G01220,AT5G15150,N,N
AT3G09480,AT5G02570,N,N
AT1G49580,AT3G19100,N,N
AT1G29710,AT2G34370,N,N
AT2G16750,AT4G35030,N,N
AT3G02930,AT5G16730,N,N
AT3G49920,AT5G67500,N,N
AT3G06650,AT5G49460,N,N
AT2G17790,AT3G51310,Y,Y
AT1G04180,AT5G43890,N,N
AT3G46110,AT5G59790,N,Y
AT1G16190,AT1G79650,N,Y
AT3G49960,AT5G67400,N,N
AT4G17680,AT5G47050,N,N
AT1G01700,AT4G00460,N,N
AT1G52720,AT3G15630,N,N
AT1G31020,AT2G35010,N,N
AT3G23050,AT4G14550,Y,Y
AT1G13950,AT1G26630,N,N
AT1G52000,AT3G21380,N,N
AT3G11600,AT5G06270,N,N
AT4G04340,AT4G22120,N,N
AT3G44940,AT5G22930,N,N
AT3G10340,AT5G04230,N,N
AT3G50800,AT5G66580,N,N
AT5G10930,AT5G25110,N,N
AT2G47610,AT3G62870,N,N
AT3G01050,AT5G15460,N,N
AT1G53300,AT3G14950,N,N
AT1G29250,AT2G34160,N,N
AT4G17340,AT5G47450,N,N
AT3G10770,AT5G05100,N,N
AT1G02050,AT4G00040,N,N
AT1G09440,AT1G56720,N,N
AT3G12140,AT5G06780,N,N
AT1G55520,AT3G13445,N,N
AT2G40140,AT3G55980,N,N
AT1G30400,AT2G34660,Y,Y
AT3G07650,AT5G48250,N,N
AT1G32760,AT4G10630,N,N
AT2G37890,AT3G53940,N,N
AT4G26880,AT5G55110,N,N
AT3G47720,AT5G62520,N,N
AT4G04450,AT4G22070,N,N
AT1G16270,AT1G79570,N,N
AT1G52240,AT3G16130,N,N
AT1G32210,AT2G35520,N,N
AT3G47950,AT5G62670,N,N
AT1G09580,AT1G57620,N,N
AT3G01310,AT5G15070,Y,Y
AT1G18840,AT1G74690,N,N
AT4G26440,AT5G56270,N,N
AT4G12030,AT4G22840,N,N
AT1G11360,AT4G27320,N,N
AT2G18170,AT4G36450,N,N
AT5G09930,AT5G64840,N,N
AT4G26400,AT5G56340,N,N
AT3G22930,AT4G14640,N,N
AT2G21340,AT4G39030,N,N
AT4G24280,AT5G49910,N,N
AT1G13000,AT3G26440,N,N
AT2G14120,AT4G33650,Y,N
AT1G53260,AT3G15000,N,N
AT1G54170,AT3G14010,N,N
AT1G14460,AT2G02480,N,N
AT1G01060,AT2G46830,N,N
AT2G24020,AT4G30620,N,N
AT4G26760,AT5G55230,N,N
AT2G19730,AT4G29410,N,N
AT1G18870,AT1G74710,N,N
AT2G25480,AT4G32330,N,N
AT1G14440,AT2G02540,N,N
AT4G27310,AT5G54470,N,N
AT1G04710,AT2G33150,N,N
AT1G22480,AT1G72230,N,N
AT1G03290,AT4G02880,N,N
AT2G42320,AT3G57780,N,N
AT5G10440,AT5G65420,N,N
AT4G10970,AT4G23910,N,N
AT3G22970,AT4G14620,N,N
AT3G50070,AT5G67260,N,N
AT1G12880,AT3G26690,N,N
AT2G45900,AT3G61380,N,N
AT1G12260,AT1G62700,N,N
AT3G01590,AT5G14500,N,N
AT2G20700,AT4G28280,N,N
AT4G17880,AT5G46760,N,N
AT2G25850,AT4G32850,N,N
AT1G32490,AT2G35340,N,N
AT1G07750,AT2G28680,N,N
AT4G18760,AT5G45770,N,N
AT2G19520,AT4G29730,N,N
AT1G13940,AT1G69360,N,N
AT1G50660,AT3G20350,N,N
AT1G15380,AT1G80160,N,N
AT1G23260,AT1G70660,Y,N
AT2G42300,AT3G57800,N,N
AT3G05030,AT5G27150,N,N
AT3G09630,AT5G02870,N,N
AT2G46680,AT3G61890,N,N
AT2G23060,AT4G37580,N,N
AT2G39880,AT3G55730,N,N
AT1G03840,AT5G44160,N,N
