pair	j1	j2	class	g1r1alt	g1r1cons	g1r2alt	g1r2cons	g1r3alt	g1r3cons	g2r1alt	g2r1cons	g2r2alt	g2r2cons	g2r3alt	g2r3cons	class2	pair_1	pair_2	uniqID	g1_all_cons	g1_all_alts	g2_all_cons	g2_all_alts	one_gene_alts_only
4	AT3G59320-AT3G59330	2-3	1-2	+IR	11	44	7	22	8	53	101	19	53	30	86	24	IR	AT3G59320	AT3G59330	AT3G59320-AT3G593302-3+IR	119	26	73	240	both
17	AT1G29350-AT1G29370	1-2	1-2	+IR	5	388	4	476	4	828	5	287	4	388	3	664	IR	AT1G29350	AT1G29370	AT1G29350-AT1G293701-2+IR	1692	13	1339	12	both
22	AT1G29350-AT1G29370	7-8	7-8	-ALTA	43	256	59	279	129	410	49	258	67	265	135	447	ALTA	AT1G29350	AT1G29370	AT1G29350-AT1G293707-8-ALTA	945	231	970	251	both
23	AT1G29350-AT1G29370	8-9	8-9	+IR	2	359	1	364	10	617	2	363	1	334	10	591	IR	AT1G29350	AT1G29370	AT1G29350-AT1G293708-9+IR	1340	13	1288	13	both
24	AT1G29350-AT1G29370	9-10	9-10	+IR	1	323	3	349	4	590	1	390	2	416	4	749	IR	AT1G29350	AT1G29370	AT1G29350-AT1G293709-10+IR	1262	8	1555	7	both
26	AT2G43820-AT2G43840	1-2	1-2	+IR	12	203	28	408	36	384	3	1	1	7	3	14	IR	AT2G43820	AT2G43840	AT2G43820-AT2G438401-2+IR	995	76	22	7	both
32	AT2G32160-AT2G32170	11-12	12-13	+IR	78	298	50	238	36	319	20	266	9	214	15	330	IR	AT2G32160	AT2G32170	AT2G32160-AT2G3217011-12+IR	855	164	810	44	both
34	AT2G32160-AT2G32170	12-13	13-14	-ALTA	4	396	1	352	1	509	7	167	6	189	16	265	ALTA	AT2G32160	AT2G32170	AT2G32160-AT2G3217012-13-ALTA	1257	6	621	29	both
38	AT3G48050-AT3G48060	1-2	2-3	+ALTA	3	82	11	70	27	139	6	62	11	61	27	148	ALTA	AT3G48050	AT3G48060	AT3G48050-AT3G480601-2+ALTA	291	41	271	44	both
40	AT4G16940-AT4G16960	1-2	1-2	+IR	5	8	7	11	2	16	6	8	7	11	2	16	IR	AT4G16940	AT4G16960	AT4G16940-AT4G169601-2+IR	35	14	35	15	both
58	AT3G47890-AT3G47910	6-7	6-7	-ALTA	2	127	2	86	1	144	66	184	44	88	99	155	ALTA	AT3G47890	AT3G47910	AT3G47890-AT3G479106-7-ALTA	357	5	427	209	both
76	AT4G15760-AT4G15765	1-2	1-2	+IR	8	176	8	640	19	425	11	4	7	17	9	12	IR	AT4G15760	AT4G15765	AT4G15760-AT4G157651-2+IR	1241	35	33	27	both
85	AT1G14870-AT1G14880	3-4	3-4	+IR	9	120	5	116	9	117	3	263	2	132	2	221	IR	AT1G14870	AT1G14880	AT1G14870-AT1G148803-4+IR	353	23	616	7	both
125	AT1G20693-AT1G20696	6-7	6-7	+IR	8	1580	20	2060	26	2765	126	1339	131	2036	250	2797	IR	AT1G20693	AT1G20696	AT1G20693-AT1G206966-7+IR	6405	54	6172	507	both
146	AT4G28860-AT4G28880	7-8	8-9	+IR	2	248	1	307	1	420	35	530	34	622	22	803	IR	AT4G28860	AT4G28880	AT4G28860-AT4G288807-8+IR	975	4	1955	91	both
147	AT4G28860-AT4G28880	7-8	8-9	-ALTA	3	247	3	305	9	412	16	549	13	643	13	812	ALTA	AT4G28860	AT4G28880	AT4G28860-AT4G288807-8-ALTA	964	15	2004	42	both
152	AT4G28860-AT4G28880	11-12	12-13	+IR	6	351	6	338	12	510	1	278	5	322	3	425	IR	AT4G28860	AT4G28880	AT4G28860-AT4G2888011-12+IR	1199	24	1025	9	both
153	AT4G28860-AT4G28880	12-13	13-14	+IR	3	346	18	363	16	536	11	354	26	437	19	532	IR	AT4G28860	AT4G28880	AT4G28860-AT4G2888012-13+IR	1245	37	1323	56	both
159	AT2G17320-AT2G17340	1-2	1-2	+IR	88	118	52	118	106	226	78	303	61	313	125	526	IR	AT2G17320	AT2G17340	AT2G17320-AT2G173401-2+IR	462	246	1142	264	both
162	AT2G17320-AT2G17340	6-7	6-7	+IR	1	166	1	152	1	305	14	475	4	512	15	706	IR	AT2G17320	AT2G17340	AT2G17320-AT2G173406-7+IR	623	3	1693	33	both
163	AT2G17320-AT2G17340	6-7	6-7	-ALTA	10	157	7	146	27	279	10	479	2	514	12	709	ALTA	AT2G17320	AT2G17340	AT2G17320-AT2G173406-7-ALTA	582	44	1702	24	both
169	AT2G17320-AT2G17340	11-12	11-12	+IR	7	62	7	87	32	153	9	424	8	367	6	678	IR	AT2G17320	AT2G17340	AT2G17320-AT2G1734011-12+IR	302	46	1469	23	both
171	AT2G33110-AT2G33120	1-2	1-2	+IR	6	25	2	21	2	51	10	653	4	778	7	1302	IR	AT2G33110	AT2G33120	AT2G33110-AT2G331201-2+IR	97	10	2733	21	both
180	AT5G21222-AT5G21326	9-10	9-10	+IR	14	318	31	447	53	790	74	508	35	592	76	874	IR	AT5G21222	AT5G21326	AT5G21222-AT5G213269-10+IR	1555	98	1974	185	both
182	AT3G28070-AT3G28080	1-2	1-2	-ALTD	1	285	1	182	5	455	171	105	126	107	212	167	ALTD	AT3G28070	AT3G28080	AT3G28070-AT3G280801-2-ALTD	922	7	379	509	both
184	AT3G28070-AT3G28080	2-3	2-3	+IR	72	249	33	188	75	361	178	214	100	210	167	309	IR	AT3G28070	AT3G28080	AT3G28070-AT3G280802-3+IR	798	180	733	445	both
185	AT3G28070-AT3G28080	2-3	2-3	+ALTA	6	315	5	216	12	424	25	367	7	303	12	464	ALTA	AT3G28070	AT3G28080	AT3G28070-AT3G280802-3+ALTA	955	23	1134	44	both
187	AT3G28070-AT3G28080	3-4	3-4	+IR	201	467	72	296	203	665	309	145	221	114	384	224	IR	AT3G28070	AT3G28080	AT3G28070-AT3G280803-4+IR	1428	476	483	914	both
189	AT3G28070-AT3G28080	4-5	4-5	+IR	19	426	5	289	22	654	182	141	70	120	104	190	IR	AT3G28070	AT3G28080	AT3G28070-AT3G280804-5+IR	1369	46	451	356	both
190	AT3G28070-AT3G28080	5-6	5-6	+IR	17	329	4	176	11	412	44	155	12	127	32	235	IR	AT3G28070	AT3G28080	AT3G28070-AT3G280805-6+IR	917	32	517	88	both
191	AT3G28070-AT3G28080	6-7	6-7	+IR	38	343	9	203	32	482	19	272	5	213	20	393	IR	AT3G28070	AT3G28080	AT3G28070-AT3G280806-7+IR	1028	79	878	44	both
197	AT5G22770-AT5G22780	14-15	14-15	+ALTD	6	240	5	176	5	347	2	206	1	224	2	424	ALTD	AT5G22770	AT5G22780	AT5G22770-AT5G2278014-15+ALTD	763	16	854	5	both
199	AT5G22770-AT5G22780	18-19	18-19	+ALTA	11	133	6	157	13	247	7	179	6	131	8	251	ALTA	AT5G22770	AT5G22780	AT5G22770-AT5G2278018-19+ALTA	537	30	561	21	both
203	AT5G22770-AT5G22780	25-26	25-26	+IR	4	225	18	143	5	303	1	256	1	163	1	286	IR	AT5G22770	AT5G22780	AT5G22770-AT5G2278025-26+IR	671	27	705	3	both
213	AT3G58560-AT3G58580	9-10	9-10	+IR	5	349	8	272	19	509	3	114	2	112	4	246	IR	AT3G58560	AT3G58580	AT3G58560-AT3G585809-10+IR	1130	32	472	9	both
214	AT3G58560-AT3G58580	10-11	10-11	+IR	10	206	7	196	30	328	1	108	2	109	2	244	IR	AT3G58560	AT3G58580	AT3G58560-AT3G5858010-11+IR	730	47	461	5	both
225	AT4G15620-AT4G15630	1-2	1-2	+IR	12	80	11	119	36	229	255	586	103	476	262	845	IR	AT4G15620	AT4G15630	AT4G15620-AT4G156301-2+IR	428	59	1907	620	both
227	AT2G20120-AT2G20130	2-3	2-3	+IR	5	259	11	371	3	416	1	113	2	136	9	206	IR	AT2G20120	AT2G20130	AT2G20120-AT2G201302-3+IR	1046	19	455	12	both
228	AT2G20120-AT2G20130	3-4	3-4	+IR	1	269	1	361	2	544	2	128	2	168	2	228	IR	AT2G20120	AT2G20130	AT2G20120-AT2G201303-4+IR	1174	4	524	6	both
230	AT2G20120-AT2G20130	5-6	5-6	+IR	1	339	10	400	6	620	7	172	2	153	3	240	IR	AT2G20120	AT2G20130	AT2G20120-AT2G201305-6+IR	1359	17	565	12	both
232	AT4G10570-AT4G10590	1-2	1-2	+IR	6	29	4	33	3	68	2	66	1	45	1	91	IR	AT4G10570	AT4G10590	AT4G10570-AT4G105901-2+IR	130	13	202	4	both
241	AT1G27170-AT1G27180	3-4	4-5	+IR	1	19	1	13	1	11	4	17	2	20	4	23	IR	AT1G27170	AT1G27180	AT1G27170-AT1G271803-4+IR	43	3	60	10	both
242	AT1G27170-AT1G27180	4-5	5-6	+IR	7	27	2	24	7	65	7	27	2	23	7	45	IR	AT1G27170	AT1G27180	AT1G27170-AT1G271804-5+IR	116	16	95	16	both
252	AT4G27820-AT4G27830	1-2	1-2	+IR	29	83	4	46	28	106	11	185	8	166	11	270	IR	AT4G27820	AT4G27830	AT4G27820-AT4G278301-2+IR	235	61	621	30	both
256	AT4G27820-AT4G27830	6-7	6-7	+IR	1	258	3	138	13	411	16	300	7	236	16	401	IR	AT4G27820	AT4G27830	AT4G27820-AT4G278306-7+IR	807	17	937	39	both
259	AT4G27820-AT4G27830	7-8	7-8	+IR	45	474	7	237	62	545	15	352	9	260	32	404	IR	AT4G27820	AT4G27830	AT4G27820-AT4G278307-8+IR	1256	114	1016	56	both
261	AT4G27820-AT4G27830	11-12	11-12	+IR	35	648	10	331	52	884	16	304	5	235	22	411	IR	AT4G27820	AT4G27830	AT4G27820-AT4G2783011-12+IR	1863	97	950	43	both
262	AT4G27820-AT4G27830	12-13	12-13	+IR	15	748	4	434	18	1134	8	458	3	297	8	521	IR	AT4G27820	AT4G27830	AT4G27820-AT4G2783012-13+IR	2316	37	1276	19	both
265	AT1G22550-AT1G22570	3-4	3-4	+IR	10	39	6	44	8	97	29	111	30	123	44	160	IR	AT1G22550	AT1G22570	AT1G22550-AT1G225703-4+IR	180	24	394	103	both
274	AT5G12950-AT5G12960	9-10	9-10	+IR	5	305	13	467	20	548	3	135	7	243	17	285	IR	AT5G12950	AT5G12960	AT5G12950-AT5G129609-10+IR	1320	38	663	27	both
275	AT5G12950-AT5G12960	10-11	10-11	+IR	11	471	11	669	48	876	9	159	10	296	33	406	IR	AT5G12950	AT5G12960	AT5G12950-AT5G1296010-11+IR	2016	70	861	52	both
304	AT3G14130-AT3G14150	4-5	4-5	+IR	3	20	6	41	12	73	10	118	23	128	21	175	IR	AT3G14130	AT3G14150	AT3G14130-AT3G141504-5+IR	134	21	421	54	both
306	AT3G14130-AT3G14150	9-10	9-10	+IR	4	51	2	56	1	66	5	174	14	134	11	252	IR	AT3G14130	AT3G14150	AT3G14130-AT3G141509-10+IR	173	7	560	30	both
307	AT3G14130-AT3G14150	10-11	10-11	+IR	2	46	3	46	4	67	1	145	8	160	12	279	IR	AT3G14130	AT3G14150	AT3G14130-AT3G1415010-11+IR	159	9	584	21	both
313	AT5G28320-AT5G28400	8-9	6-7	+IR	73	81	81	76	114	106	45	79	54	76	61	110	IR	AT5G28320	AT5G28400	AT5G28320-AT5G284008-9+IR	263	268	265	160	both
314	AT5G28320-AT5G28400	11-12	8-9	+ALTD	45	142	36	268	62	271	63	143	45	265	70	279	ALTD	AT5G28320	AT5G28400	AT5G28320-AT5G2840011-12+ALTD	681	143	687	178	both
315	AT5G28320-AT5G28400	11-12	8-9	+IR	140	47	263	41	269	64	141	65	262	48	272	77	IR	AT5G28320	AT5G28400	AT5G28320-AT5G2840011-12+IR	152	672	190	675	both
316	AT3G43980-AT3G44010	1-2	1-2	+IR	7	715	7	578	15	1659	69	2453	43	1678	82	5063	IR	AT3G43980	AT3G44010	AT3G43980-AT3G440101-2+IR	2952	29	9194	194	both
321	AT4G36270-AT4G36280	14-15	14-15	+IR	18	4	17	5	49	17	17	7	9	16	26	23	IR	AT4G36270	AT4G36280	AT4G36270-AT4G3628014-15+IR	26	84	46	52	both
323	AT4G36270-AT4G36280	15-16	15-16	+IR	11	8	13	16	27	24	1	28	1	14	1	33	IR	AT4G36270	AT4G36280	AT4G36270-AT4G3628015-16+IR	48	51	75	3	both
329	AT2G29300-AT2G29320	1-2	1-2	+IR	21	89	106	232	113	143	99	484	77	435	165	634	IR	AT2G29300	AT2G29320	AT2G29300-AT2G293201-2+IR	464	240	1553	341	both
330	AT2G29300-AT2G29320	2-3	2-3	+IR	4	178	6	584	31	302	10	452	1	439	21	648	IR	AT2G29300	AT2G29320	AT2G29300-AT2G293202-3+IR	1064	41	1539	32	both
331	AT2G29300-AT2G29320	3-4	3-4	+IR	12	149	39	546	84	296	12	339	15	290	45	495	IR	AT2G29300	AT2G29320	AT2G29300-AT2G293203-4+IR	991	135	1124	72	both
332	AT2G29300-AT2G29320	3-4	3-4	+ALTA	6	155	1	584	5	375	1	350	1	304	1	539	ALTA	AT2G29300	AT2G29320	AT2G29300-AT2G293203-4+ALTA	1114	12	1193	3	both
333	AT2G29300-AT2G29320	4-5	4-5	+IR	21	143	141	375	150	205	19	351	4	279	28	542	IR	AT2G29300	AT2G29320	AT2G29300-AT2G293204-5+IR	723	312	1172	51	both
367	AT2G13790-AT2G13800	4-5	4-5	+IR	9	207	18	163	26	240	2	55	6	25	3	43	IR	AT2G13790	AT2G13800	AT2G13790-AT2G138004-5+IR	610	53	123	11	both
369	AT2G13790-AT2G13800	10-11	10-11	+IR	26	389	11	384	19	510	6	269	7	278	12	404	IR	AT2G13790	AT2G13800	AT2G13790-AT2G1380010-11+IR	1283	56	951	25	both
377	AT4G14713-AT4G14720	3-4	3-4	+IR	1	28	4	23	4	42	2	60	10	54	5	94	IR	AT4G14713	AT4G14720	AT4G14713-AT4G147203-4+IR	93	9	208	17	both
380	AT5G18040-AT5G18065	3-4	3-4	+IR	2	89	4	73	1	123	3	0	1	10	2	11	IR	AT5G18040	AT5G18065	AT5G18040-AT5G180653-4+IR	285	7	21	6	both
389	AT1G75880-AT1G75890	1-2	1-2	+IR	5	39	3	42	7	91	14	3	5	3	7	2	IR	AT1G75880	AT1G75890	AT1G75880-AT1G758901-2+IR	172	15	8	26	both
393	AT1G76680-AT1G76690	1-2	2-3	+IR	15	319	6	385	35	547	3	74	5	69	5	115	IR	AT1G76680	AT1G76690	AT1G76680-AT1G766901-2+IR	1251	56	258	13	both
395	AT4G14030-AT4G14040	2-3	2-3	+IR	21	495	53	618	90	918	8	1229	6	1346	20	2164	IR	AT4G14030	AT4G14040	AT4G14030-AT4G140402-3+IR	2031	164	4739	34	both
397	AT4G14030-AT4G14040	4-5	3-4	+IR	1	1137	3	1391	19	1949	17	1820	3	1788	20	2849	IR	AT4G14030	AT4G14040	AT4G14030-AT4G140404-5+IR	4477	23	6457	40	both
398	AT4G14030-AT4G14040	5-6	4-5	+IR	18	972	19	1197	37	1622	22	1801	16	1582	54	2601	IR	AT4G14030	AT4G14040	AT4G14030-AT4G140405-6+IR	3791	74	5984	92	both
399	AT4G14030-AT4G14040	6-7	5-6	+IR	12	757	19	857	55	1241	74	1921	34	1813	79	2844	IR	AT4G14030	AT4G14040	AT4G14030-AT4G140406-7+IR	2855	86	6578	187	both
407	AT2G37450-AT2G37460	2-3	3-4	+IR	19	353	18	263	30	550	22	308	18	193	30	338	IR	AT2G37450	AT2G37460	AT2G37450-AT2G374602-3+IR	1166	67	839	70	both
408	AT2G37450-AT2G37460	3-4	4-5	+IR	41	354	22	256	68	542	2	336	1	224	6	341	IR	AT2G37450	AT2G37460	AT2G37450-AT2G374603-4+IR	1152	131	901	9	both
410	AT2G37450-AT2G37460	4-5	5-6	+IR	6	319	2	226	15	462	10	424	8	195	23	385	IR	AT2G37450	AT2G37460	AT2G37450-AT2G374604-5+IR	1007	23	1004	41	both
411	AT1G65790-AT1G65800	1-2	1-2	+IR	6	13	1	41	2	14	16	435	4	445	15	585	IR	AT1G65790	AT1G65800	AT1G65790-AT1G658001-2+IR	68	9	1465	35	both
412	AT1G65790-AT1G65800	3-4	3-4	+IR	2	25	3	27	1	34	8	457	5	488	11	720	IR	AT1G65790	AT1G65800	AT1G65790-AT1G658003-4+IR	86	6	1665	24	both
413	AT1G65790-AT1G65800	4-5	4-5	+IR	10	47	11	36	8	61	57	405	54	490	85	590	IR	AT1G65790	AT1G65800	AT1G65790-AT1G658004-5+IR	144	29	1485	196	both
414	AT1G65790-AT1G65800	5-6	5-6	+IR	5	140	2	106	17	194	13	410	6	370	25	487	IR	AT1G65790	AT1G65800	AT1G65790-AT1G658005-6+IR	440	24	1267	44	both
434	AT5G27350-AT5G27360	4-5	4-5	+IR	16	767	4	917	3	1137	5	131	4	170	3	311	IR	AT5G27350	AT5G27360	AT5G27350-AT5G273604-5+IR	2821	23	612	12	both
438	AT5G27350-AT5G27360	10-11	10-11	+IR	2	1147	5	1234	3	1531	2	113	2	120	4	233	IR	AT5G27350	AT5G27360	AT5G27350-AT5G2736010-11+IR	3912	10	466	8	both
439	AT5G27350-AT5G27360	10-11	10-11	-ALTA	6	1143	12	1227	17	1517	4	111	1	121	8	229	ALTA	AT5G27350	AT5G27360	AT5G27350-AT5G2736010-11-ALTA	3887	35	461	13	both
441	AT5G27350-AT5G27360	16-17	16-17	-ALTD;-ALTA	7	736	1	776	4	879	19	97	6	127	19	252	ALTP	AT5G27350	AT5G27360	AT5G27350-AT5G2736016-17-ALTD;-ALTA	2391	12	476	44	both
444	AT5G27350-AT5G27360	17-18	17-18	+IR	38	1031	22	970	28	1305	4	145	3	114	4	240	IR	AT5G27350	AT5G27360	AT5G27350-AT5G2736017-18+IR	3306	88	499	11	both
445	AT5G28850-AT5G28900	2-3	2-3	+IR	13	196	6	216	6	394	13	229	7	235	9	416	IR	AT5G28850	AT5G28900	AT5G28850-AT5G289002-3+IR	806	25	880	29	both
447	AT5G28850-AT5G28900	6-7	6-7	+IR	3	108	2	123	3	186	51	234	19	245	15	401	IR	AT5G28850	AT5G28900	AT5G28850-AT5G289006-7+IR	417	8	880	85	both
448	AT5G28850-AT5G28900	8-9	8-9	+IR	11	113	6	120	19	182	5	234	2	211	12	369	IR	AT5G28850	AT5G28900	AT5G28850-AT5G289008-9+IR	415	36	814	19	both
454	AT4G13870-AT4G13885	4-5	5-6	+IR	8	22	3	43	4	54	28	6	17	10	20	20	IR	AT4G13870	AT4G13885	AT4G13870-AT4G138854-5+IR	119	15	36	65	both
457	AT5G57565-AT5G57630	1-2	2-3	+IR	1	79	2	108	1	107	4	99	1	275	1	164	IR	AT5G57565	AT5G57630	AT5G57565-AT5G576301-2+IR	294	4	538	6	both
458	AT5G57565-AT5G57630	2-3	3-4	+IR	61	26	91	45	85	31	30	97	44	235	35	145	IR	AT5G57565	AT5G57630	AT5G57565-AT5G576302-3+IR	102	237	477	109	both
459	AT5G57565-AT5G57630	2-3	3-4	-ALTD	7	80	20	116	13	103	27	100	52	227	25	155	ALTD	AT5G57565	AT5G57630	AT5G57565-AT5G576302-3-ALTD	299	40	482	104	both
472	AT4G23420-AT4G23430	8-9	6-7	+IR	3	7	2	10	1	8	1	304	1	207	7	334	IR	AT4G23420	AT4G23430	AT4G23420-AT4G234308-9+IR	25	6	845	9	both
484	AT5G25754-AT5G25757	1-2	1-2	+IR	5	825	5	647	8	1576	5	862	4	621	8	1576	IR	AT5G25754	AT5G25757	AT5G25754-AT5G257571-2+IR	3048	18	3059	17	both
485	AT5G25754-AT5G25757	2-3	2-3	+IR	5	757	12	482	18	1161	4	781	6	463	12	1180	IR	AT5G25754	AT5G25757	AT5G25754-AT5G257572-3+IR	2400	35	2424	22	both
487	AT5G25754-AT5G25757	4-5	4-5	+IR	1	408	2	257	10	724	12	453	5	227	13	731	IR	AT5G25754	AT5G25757	AT5G25754-AT5G257574-5+IR	1389	13	1411	30	both
491	AT1G56130-AT1G56140	11-12	11-12	+IR	1	3	1	4	1	7	6	55	6	49	3	57	IR	AT1G56130	AT1G56140	AT1G56130-AT1G5614011-12+IR	14	3	161	15	both
503	AT1G28570-AT1G28580	2-3	2-3	+IR	15	75	5	64	14	118	29	277	20	182	32	362	IR	AT1G28570	AT1G28580	AT1G28570-AT1G285802-3+IR	257	34	821	81	both
505	AT1G28570-AT1G28580	3-4	3-4	+IR	1	82	3	45	3	67	4	192	18	129	11	251	IR	AT1G28570	AT1G28580	AT1G28570-AT1G285803-4+IR	194	7	572	33	both
507	AT1G28570-AT1G28580	4-5	4-5	+IR	5	107	3	77	4	151	6	277	10	228	9	391	IR	AT1G28570	AT1G28580	AT1G28570-AT1G285804-5+IR	335	12	896	25	both
509	AT2G27960-AT2G27970	1-2	2-3	+IR	3	753	1	867	2	1437	2	157	1	96	2	265	IR	AT2G27960	AT2G27970	AT2G27960-AT2G279701-2+IR	3057	6	518	5	both
511	AT2G27960-AT2G27970	2-3	3-4	+IR	48	431	62	538	98	916	23	172	3	109	10	322	IR	AT2G27960	AT2G27970	AT2G27960-AT2G279702-3+IR	1885	208	603	36	both
514	AT2G17190-AT2G17200	2-3	2-3	+IR	4	398	1	399	7	596	20	475	6	496	7	723	IR	AT2G17190	AT2G17200	AT2G17190-AT2G172002-3+IR	1393	12	1694	33	both
515	AT2G17190-AT2G17200	7-8	7-8	+IR	4	362	5	328	6	591	7	387	4	416	5	633	IR	AT2G17190	AT2G17200	AT2G17190-AT2G172007-8+IR	1281	15	1436	16	both
532	AT2G30140-AT2G30150	1-2	1-2	+IR	11	63	3	84	7	152	5	200	4	177	2	374	IR	AT2G30140	AT2G30150	AT2G30140-AT2G301501-2+IR	299	21	751	11	both
534	AT5G18630-AT5G18640	6-7	6-7	+IR	5	542	18	830	45	920	5	179	10	284	25	318	IR	AT5G18630	AT5G18640	AT5G18630-AT5G186406-7+IR	2292	68	781	40	both
536	AT5G18630-AT5G18640	7-8	7-8	+IR	20	723	12	1067	42	1290	1	160	3	295	9	352	IR	AT5G18630	AT5G18640	AT5G18630-AT5G186407-8+IR	3080	74	807	13	both
538	AT5G18630-AT5G18640	8-9	8-9	+IR	57	441	58	560	72	696	15	75	21	133	32	164	IR	AT5G18630	AT5G18640	AT5G18630-AT5G186408-9+IR	1697	187	372	68	both
539	AT5G18630-AT5G18640	9-10	9-10	+IR	51	559	51	594	63	756	8	219	1	254	4	282	IR	AT5G18630	AT5G18640	AT5G18630-AT5G186409-10+IR	1909	165	755	13	both
541	AT5G18630-AT5G18640	10-11	10-11	+IR	52	719	89	918	121	1113	34	228	7	311	37	346	IR	AT5G18630	AT5G18640	AT5G18630-AT5G1864010-11+IR	2750	262	885	78	both
548	AT1G27360-AT1G27370	1-2	1-2	+IR	7	90	1	40	3	99	6	48	1	25	8	72	IR	AT1G27360	AT1G27370	AT1G27360-AT1G273701-2+IR	229	11	145	15	both
551	AT1G53885-AT1G53903	1-2	1-2	+IR	11	227	64	1505	42	631	11	228	64	1510	42	630	IR	AT1G53885	AT1G53903	AT1G53885-AT1G539031-2+IR	2363	117	2368	117	both
553	AT1G53870-AT1G53890	1-2	1-2	+IR	191	613	102	560	141	723	501	584	399	538	538	685	IR	AT1G53870	AT1G53890	AT1G53870-AT1G538901-2+IR	1896	434	1807	1438	both
564	AT1G08890-AT1G08900	7-8	7-8	+IR	5	31	6	51	2	62	33	142	36	262	44	287	IR	AT1G08890	AT1G08900	AT1G08890-AT1G089007-8+IR	144	13	691	113	both
565	AT1G08890-AT1G08900	8-9	8-9	+IR	3	32	7	78	1	83	3	203	2	336	3	368	IR	AT1G08890	AT1G08900	AT1G08890-AT1G089008-9+IR	193	11	907	8	both
569	AT1G08890-AT1G08900	17-18	17-18	+IR	3	32	7	47	9	48	39	174	56	212	33	275	IR	AT1G08890	AT1G08900	AT1G08890-AT1G0890017-18+IR	127	19	661	128	both
583	AT2G05230-AT2G05250	1-2	1-2	+IR	10	103	2	85	12	183	10	112	2	81	12	193	IR	AT2G05230	AT2G05250	AT2G05230-AT2G052501-2+IR	371	24	386	24	both
590	AT4G09250-AT4G09310	2-3	2-3	-ALTD;-ALTA	1	217	2	226	2	376	1	217	2	226	2	377	ALTP	AT4G09250	AT4G09310	AT4G09250-AT4G093102-3-ALTD;-ALTA	819	5	820	5	both
591	AT4G09250-AT4G09310	3-4	3-4	+IR	1	209	1	165	4	322	1	211	1	165	4	322	IR	AT4G09250	AT4G09310	AT4G09250-AT4G093103-4+IR	696	6	698	6	both
602	AT3G55000-AT3G55005	3-4	3-4	+IR	3	221	9	221	10	330	3	124	2	97	1	197	IR	AT3G55000	AT3G55005	AT3G55000-AT3G550053-4+IR	772	22	418	6	both
604	AT3G55000-AT3G55005	4-5	4-5	+IR	21	174	4	152	14	284	29	98	10	123	18	204	IR	AT3G55000	AT3G55005	AT3G55000-AT3G550054-5+IR	610	39	425	57	both
621	AT5G10760-AT5G10770	1-2	1-2	+IR	1	186	2	171	4	264	15	141	11	94	18	217	IR	AT5G10760	AT5G10770	AT5G10760-AT5G107701-2+IR	621	7	452	44	both
622	AT2G32870-AT2G32880	2-3	2-3	+IR	33	1815	41	1663	41	2430	92	982	165	773	130	1438	IR	AT2G32870	AT2G32880	AT2G32870-AT2G328802-3+IR	5908	115	3193	387	both
623	AT2G32870-AT2G32880	2-3	2-3	-ALTA	4	1844	6	1698	14	2457	6	1068	7	931	13	1555	ALTA	AT2G32870	AT2G32880	AT2G32870-AT2G328802-3-ALTA	5999	24	3554	26	both
624	AT2G32870-AT2G32880	3-4	3-4	+IR	12	1771	13	1582	2	2256	6	1276	5	1016	10	1880	IR	AT2G32870	AT2G32880	AT2G32870-AT2G328803-4+IR	5609	27	4172	21	both
625	AT2G32870-AT2G32880	4-5	4-5	+IR	81	1470	46	1329	45	1920	91	1210	73	1075	78	2064	IR	AT2G32870	AT2G32880	AT2G32870-AT2G328804-5+IR	4719	172	4349	242	both
629	AT2G32870-AT2G32880	5-6	5-6	+IR	207	1016	114	796	120	1091	324	810	240	660	290	1293	IR	AT2G32870	AT2G32880	AT2G32870-AT2G328805-6+IR	2903	441	2763	854	both
690	AT3G03030-AT3G03040	1-2	2-3	+IR	2	12	3	22	16	29	110	50	76	56	159	72	IR	AT3G03030	AT3G03040	AT3G03030-AT3G030401-2+IR	63	21	178	345	both
691	AT3G03030-AT3G03040	2-3	3-4	+IR	1	20	2	28	1	38	1	135	2	163	9	198	IR	AT3G03030	AT3G03040	AT3G03030-AT3G030402-3+IR	86	4	496	12	both
719	AT5G48630-AT5G48640	4-5	5-6	+IR	25	172	17	88	36	193	7	141	8	124	7	223	IR	AT5G48630	AT5G48640	AT5G48630-AT5G486404-5+IR	453	78	488	22	both
723	AT3G03330-AT3G03350	7-8	7-8	+IR	8	182	7	186	4	252	78	24	33	25	64	42	IR	AT3G03330	AT3G03350	AT3G03330-AT3G033507-8+IR	620	19	91	175	both
724	AT3G03330-AT3G03350	8-9	8-9	+IR	1	234	2	224	2	405	5	64	2	37	2	83	IR	AT3G03330	AT3G03350	AT3G03330-AT3G033508-9+IR	863	5	184	9	both
726	AT3G03330-AT3G03350	9-10	9-10	+IR	2	202	6	221	7	360	2	50	1	43	2	92	IR	AT3G03330	AT3G03350	AT3G03330-AT3G033509-10+IR	783	15	185	5	both
739	AT4G31480-AT4G31490	1-2	1-2	+ALTD	9	512	5	575	17	1161	16	329	2	284	14	650	ALTD	AT4G31480	AT4G31490	AT4G31480-AT4G314901-2+ALTD	2248	31	1263	32	both
740	AT4G31480-AT4G31490	1-2	1-2	+IR	22	499	13	567	22	1156	5	340	11	275	16	648	IR	AT4G31480	AT4G31490	AT4G31480-AT4G314901-2+IR	2222	57	1263	32	both
745	AT5G07690-AT5G07700	1-2	1-2	+IR	14	315	9	216	12	462	5	41	3	19	7	41	IR	AT5G07690	AT5G07700	AT5G07690-AT5G077001-2+IR	993	35	101	15	both
747	AT5G07690-AT5G07700	2-3	2-3	+IR	35	370	9	243	25	553	2	19	4	45	7	67	IR	AT5G07690	AT5G07700	AT5G07690-AT5G077002-3+IR	1166	69	131	13	both
750	AT5G46510-AT5G46520	3-4	3-4	+IR	3	41	3	45	3	53	3	30	2	38	2	46	IR	AT5G46510	AT5G46520	AT5G46510-AT5G465203-4+IR	139	9	114	7	both
751	AT5G46510-AT5G46520	4-5	4-5	+IR	17	60	24	57	16	65	17	54	22	62	15	67	IR	AT5G46510	AT5G46520	AT5G46510-AT5G465204-5+IR	182	57	183	54	both
754	AT1G02300-AT1G02305	5-6	6-7	+IR	3	186	14	194	16	309	1	608	1	622	1	852	IR	AT1G02300	AT1G02305	AT1G02300-AT1G023055-6+IR	689	33	2082	3	both
757	AT1G02300-AT1G02305	8-9	9-10	+IR	52	230	46	237	113	354	5	680	5	890	13	1257	IR	AT1G02300	AT1G02305	AT1G02300-AT1G023058-9+IR	821	211	2827	23	both
758	AT1G02300-AT1G02305	9-10	10-11	+IR	5	244	4	270	17	411	3	628	3	876	6	1258	IR	AT1G02300	AT1G02305	AT1G02300-AT1G023059-10+IR	925	26	2762	12	both
763	AT5G25040-AT5G25050	2-3	2-3	+IR	3	127	4	108	5	214	2	41	9	56	13	55	IR	AT5G25040	AT5G25050	AT5G25040-AT5G250502-3+IR	449	12	152	24	both
768	AT5G47480-AT5G47490	5-6	6-7	+IR	8	128	10	126	9	229	2	35	5	28	2	59	IR	AT5G47480	AT5G47490	AT5G47480-AT5G474905-6+IR	483	27	122	9	both
773	AT5G47480-AT5G47490	10-11	11-12	+IR	7	205	17	112	28	290	2	71	1	62	3	128	IR	AT5G47480	AT5G47490	AT5G47480-AT5G4749010-11+IR	607	52	261	6	both
776	AT1G47490-AT1G47500	2-3	2-3	+IR	7	627	6	459	11	1041	6	261	8	153	17	374	IR	AT1G47490	AT1G47500	AT1G47490-AT1G475002-3+IR	2127	24	788	31	both
777	AT1G47490-AT1G47500	3-4	3-4	+IR	247	501	189	318	330	764	81	202	41	148	96	325	IR	AT1G47490	AT1G47500	AT1G47490-AT1G475003-4+IR	1583	766	675	218	both
779	AT1G47490-AT1G47500	5-6	5-6	+IR	16	427	3	255	7	567	1	220	5	161	7	385	IR	AT1G47490	AT1G47500	AT1G47490-AT1G475005-6+IR	1249	26	766	13	both
780	AT1G23950-AT1G23970	1-2	1-2	+IR	5	252	1	268	3	559	3	89	4	78	4	128	IR	AT1G23950	AT1G23970	AT1G23950-AT1G239701-2+IR	1079	9	295	11	both
783	AT1G23950-AT1G23970	3-4	3-4	+IR	9	127	9	105	13	186	1	49	1	73	6	103	IR	AT1G23950	AT1G23970	AT1G23950-AT1G239703-4+IR	418	31	225	8	both
784	AT1G23950-AT1G23970	3-4	3-4	-ALTD	16	120	17	97	29	170	11	39	23	51	23	86	ALTD	AT1G23950	AT1G23970	AT1G23950-AT1G239703-4-ALTD	387	62	176	57	both
789	AT5G04680-AT5G04700	3-4	3-4	+IR	5	13	5	8	3	32	5	10	2	4	2	6	IR	AT5G04680	AT5G04700	AT5G04680-AT5G047003-4+IR	53	13	20	9	both
790	AT5G04680-AT5G04700	4-5	5-6	+IR	6	12	2	19	4	29	4	9	8	11	8	9	IR	AT5G04680	AT5G04700	AT5G04680-AT5G047004-5+IR	60	12	29	20	both
794	AT1G10360-AT1G10370	1-2	1-2	+IR	852	529	470	589	1188	997	156	1332	30	916	177	2179	IR	AT1G10360	AT1G10370	AT1G10360-AT1G103701-2+IR	2115	2510	4427	363	both
801	AT5G21100-AT5G21105	1-2	1-2	+IR	13	257	3	183	17	411	1	159	7	107	9	319	IR	AT5G21100	AT5G21105	AT5G21100-AT5G211051-2+IR	851	33	585	17	both
803	AT5G21100-AT5G21105	3-4	4-5	+IR	85	246	33	194	108	315	15	147	11	70	51	194	IR	AT5G21100	AT5G21105	AT5G21100-AT5G211053-4+IR	755	226	411	77	both
806	AT1G17990-AT1G18020	1-2	1-2	+IR	299	291	435	790	490	582	299	250	433	696	485	493	IR	AT1G17990	AT1G18020	AT1G17990-AT1G180201-2+IR	1663	1224	1439	1217	both
807	AT1G17990-AT1G18020	1-2	1-2	+ALTA	1	589	13	1212	4	1068	1	548	13	1116	4	974	ALTA	AT1G17990	AT1G18020	AT1G17990-AT1G180201-2+ALTA	2869	18	2638	18	both
808	AT1G17990-AT1G18020	2-3	2-3	+IR	14	351	38	754	42	653	14	328	37	705	42	615	IR	AT1G17990	AT1G18020	AT1G17990-AT1G180202-3+IR	1758	94	1648	93	both
809	AT1G17990-AT1G18020	2-3	2-3	-ALTA	7	358	2	790	6	689	7	335	2	740	6	651	ALTA	AT1G17990	AT1G18020	AT1G17990-AT1G180202-3-ALTA	1837	15	1726	15	both
810	AT1G17990-AT1G18020	3-4	3-4	+IR	16	270	68	405	66	379	15	264	66	401	66	375	IR	AT1G17990	AT1G18020	AT1G17990-AT1G180203-4+IR	1054	150	1040	147	both
811	AT1G17990-AT1G18020	3-4	3-4	-ALTA	2	284	9	464	6	439	2	277	9	458	6	435	ALTA	AT1G17990	AT1G18020	AT1G17990-AT1G180203-4-ALTA	1187	17	1170	17	both
812	AT1G17990-AT1G18020	4-5	4-5	+IR	63	221	227	324	125	319	63	219	227	328	126	325	IR	AT1G17990	AT1G18020	AT1G17990-AT1G180204-5+IR	864	415	872	416	both
825	AT2G46440-AT2G46450	2-3	2-3	+IR	55	118	24	54	61	163	85	166	33	78	69	194	IR	AT2G46440	AT2G46450	AT2G46440-AT2G464502-3+IR	335	140	438	187	both
829	AT2G46440-AT2G46450	4-5	4-5	+IR	9	133	9	72	9	101	283	259	79	121	230	278	IR	AT2G46440	AT2G46450	AT2G46440-AT2G464504-5+IR	306	27	658	592	both
832	AT2G46440-AT2G46450	7-8	7-8	+IR	3	152	1	106	6	193	22	386	4	193	14	451	IR	AT2G46440	AT2G46450	AT2G46440-AT2G464507-8+IR	451	10	1030	40	both
835	AT3G28930-AT3G28940	1-2	1-2	+IR	47	318	19	285	55	571	123	1525	104	1738	164	2849	IR	AT3G28930	AT3G28940	AT3G28930-AT3G289401-2+IR	1174	121	6112	391	both
837	AT3G28930-AT3G28940	2-3	2-3	+IR	50	344	21	359	73	673	189	1261	167	1518	320	2343	IR	AT3G28930	AT3G28940	AT3G28930-AT3G289402-3+IR	1376	144	5122	676	both
838	AT3G28930-AT3G28940	3-4	3-4	+IR	34	445	11	384	44	693	30	1897	9	2260	50	3192	IR	AT3G28930	AT3G28940	AT3G28930-AT3G289403-4+IR	1522	89	7349	89	both
839	AT3G28930-AT3G28940	4-5	4-5	+IR	56	397	26	346	66	586	102	1319	34	1544	103	2121	IR	AT3G28930	AT3G28940	AT3G28930-AT3G289404-5+IR	1329	148	4984	239	both
841	AT5G23490-AT5G23510	13-14	3-4	+IR	6	54	1	41	1	88	21	70	15	88	28	162	IR	AT5G23490	AT5G23510	AT5G23490-AT5G2351013-14+IR	183	8	320	64	both
843	AT5G23490-AT5G23510	16-17	6-7	+IR	4	62	4	60	7	80	5	135	11	102	23	141	IR	AT5G23490	AT5G23510	AT5G23490-AT5G2351016-17+IR	202	15	378	39	both
846	AT5G23490-AT5G23510	19-20	9-10	+IR	18	46	10	60	15	81	7	174	8	114	17	228	IR	AT5G23490	AT5G23510	AT5G23490-AT5G2351019-20+IR	187	43	516	32	both
856	AT2G26740-AT2G26750	2-3	2-3	+IR	20	672	28	907	63	1320	1	23	7	46	8	53	IR	AT2G26740	AT2G26750	AT2G26740-AT2G267502-3+IR	2899	111	122	16	both
863	AT1G14120-AT1G14130	2-3	2-3	+IR	3	3	1	6	2	3	12	53	10	57	14	82	IR	AT1G14120	AT1G14130	AT1G14120-AT1G141302-3+IR	12	6	192	36	both
877	AT3G28290-AT3G28300	1-2	1-2	+IR	9	55	10	78	30	104	9	57	10	78	30	104	IR	AT3G28290	AT3G28300	AT3G28290-AT3G283001-2+IR	237	49	239	49	both
879	AT4G11830-AT4G11840	2-3	1-2	+IR	9	217	10	186	6	395	2	32	2	19	4	33	IR	AT4G11830	AT4G11840	AT4G11830-AT4G118402-3+IR	798	25	84	8	both
885	AT4G11830-AT4G11840	8-9	7-8	+IR	30	192	27	193	45	338	8	82	7	77	5	109	IR	AT4G11830	AT4G11840	AT4G11830-AT4G118408-9+IR	723	102	268	20	both
893	AT3G05160-AT3G05165	2-3	3-4	+IR	5	181	7	201	7	288	25	297	17	256	22	474	IR	AT3G05160	AT3G05165	AT3G05160-AT3G051652-3+IR	670	19	1027	64	both
894	AT3G05160-AT3G05165	3-4	4-5	+IR	3	158	11	184	2	337	2	274	3	269	3	464	IR	AT3G05160	AT3G05165	AT3G05160-AT3G051653-4+IR	679	16	1007	8	both
895	AT3G05160-AT3G05165	4-5	5-6	+IR	6	160	5	215	3	368	2	251	1	250	1	446	IR	AT3G05160	AT3G05165	AT3G05160-AT3G051654-5+IR	743	14	947	4	both
897	AT3G05160-AT3G05165	5-6	6-7	+IR	2	256	3	284	3	478	3	452	3	376	2	677	IR	AT3G05160	AT3G05165	AT3G05160-AT3G051655-6+IR	1018	8	1505	8	both
902	AT3G05160-AT3G05165	13-14	14-15	+IR	5	126	5	169	7	274	2	278	8	184	12	296	IR	AT3G05160	AT3G05165	AT3G05160-AT3G0516513-14+IR	569	17	758	22	both
903	AT3G05160-AT3G05165	14-15	15-16	+IR	18	153	19	193	38	288	42	334	29	235	51	398	IR	AT3G05160	AT3G05165	AT3G05160-AT3G0516514-15+IR	634	75	967	122	both
904	AT3G05160-AT3G05165	15-16	16-17	+IR	4	255	15	283	15	429	42	442	17	371	23	554	IR	AT3G05160	AT3G05165	AT3G05160-AT3G0516515-16+IR	967	34	1367	82	both
905	AT3G05160-AT3G05165	16-17	17-18	+IR	18	217	23	246	21	358	1	303	6	277	6	426	IR	AT3G05160	AT3G05165	AT3G05160-AT3G0516516-17+IR	821	62	1006	13	both
906	AT3G05160-AT3G05165	17-18	18-19	+IR	18	193	29	204	42	306	69	358	97	288	80	433	IR	AT3G05160	AT3G05165	AT3G05160-AT3G0516517-18+IR	703	89	1079	246	both
920	AT3G48780-AT3G48790	9-10	5-6	+IR	82	198	62	278	150	362	1	4	1	3	3	1	IR	AT3G48780	AT3G48790	AT3G48780-AT3G487909-10+IR	838	294	8	5	both
926	AT1G29390-AT1G29395	2-3	2-3	+IR	13	507	8	752	18	1075	13	284	28	848	24	536	IR	AT1G29390	AT1G29395	AT1G29390-AT1G293952-3+IR	2334	39	1668	65	both
928	AT1G29390-AT1G29395	4-5	4-5	+IR	24	468	39	640	31	931	12	209	33	886	34	595	IR	AT1G29390	AT1G29395	AT1G29390-AT1G293954-5+IR	2039	94	1690	79	both
929	AT1G29390-AT1G29395	5-6	5-6	+IR	1	427	2	533	6	801	7	254	3	958	2	661	IR	AT1G29390	AT1G29395	AT1G29390-AT1G293955-6+IR	1761	9	1873	12	both
945	AT4G25515-AT4G25520	7-8	8-9	+IR	1	15	2	19	1	25	1	93	3	132	5	173	IR	AT4G25515	AT4G25520	AT4G25515-AT4G255207-8+IR	59	4	398	9	both
946	AT4G25515-AT4G25520	8-9	9-10	+IR	3	23	3	36	8	34	26	104	19	186	44	215	IR	AT4G25515	AT4G25520	AT4G25515-AT4G255208-9+IR	93	14	505	89	both
955	AT5G28020-AT5G28030	2-3	3-4	+IR	80	862	42	922	78	1575	101	144	25	86	147	218	IR	AT5G28020	AT5G28030	AT5G28020-AT5G280302-3+IR	3359	200	448	273	both
959	AT5G28020-AT5G28030	7-8	8-9	+IR	53	492	23	426	112	657	34	145	5	79	35	199	IR	AT5G28020	AT5G28030	AT5G28020-AT5G280307-8+IR	1575	188	423	74	both
960	AT5G28020-AT5G28030	8-9	9-10	+IR	11	710	7	670	16	1044	5	199	1	114	10	321	IR	AT5G28020	AT5G28030	AT5G28020-AT5G280308-9+IR	2424	34	634	16	both
972	AT1G30410-AT1G30420	21-22	19-20	+ALTA	2	146	5	82	12	169	5	16	8	14	4	32	ALTA	AT1G30410	AT1G30420	AT1G30410-AT1G3042021-22+ALTA	397	19	62	17	both
974	AT1G30410-AT1G30420	24-25	22-23	+IR	2	66	3	68	5	91	33	6	21	6	32	11	IR	AT1G30410	AT1G30420	AT1G30410-AT1G3042024-25+IR	225	10	23	86	both
995	AT2G14720-AT2G14740	7-8	7-8	+IR	5	358	2	415	6	577	1	237	1	250	1	444	IR	AT2G14720	AT2G14740	AT2G14720-AT2G147407-8+IR	1350	13	931	3	both
1000	AT2G42530-AT2G42540	1-2	1-2	+IR	56	403	33	855	122	1310	14	430	16	809	86	1098	IR	AT2G42530	AT2G42540	AT2G42530-AT2G425401-2+IR	2568	211	2337	116	both
1002	AT5G61940-AT5G61950	3-4	3-4	+IR	16	0	2	1	11	10	1	25	3	15	5	39	IR	AT5G61940	AT5G61950	AT5G61940-AT5G619503-4+IR	11	29	79	9	both
1003	AT4G04810-AT4G04830	1-2	1-2	+IR	7	56	11	89	19	116	42	339	82	651	114	755	IR	AT4G04810	AT4G04830	AT4G04810-AT4G048301-2+IR	261	37	1745	238	both
1004	AT4G04810-AT4G04830	2-3	2-3	+IR	19	32	30	51	33	71	56	516	92	768	88	759	IR	AT4G04810	AT4G04830	AT4G04810-AT4G048302-3+IR	154	82	2043	236	both
1005	AT3G28710-AT3G28715	5-6	5-6	+IR	13	942	17	1010	18	1549	13	604	8	601	15	929	IR	AT3G28710	AT3G28715	AT3G28710-AT3G287155-6+IR	3501	48	2134	36	both
1006	AT3G28710-AT3G28715	8-9	8-9	+IR	3	678	6	686	11	1224	5	542	3	587	1	977	IR	AT3G28710	AT3G28715	AT3G28710-AT3G287158-9+IR	2588	20	2106	9	both
1007	AT3G28710-AT3G28715	9-10	9-10	+IR	19	640	13	693	33	1049	13	600	7	644	39	1056	IR	AT3G28710	AT3G28715	AT3G28710-AT3G287159-10+IR	2382	65	2300	59	both
1019	AT1G22360-AT1G22370	1-2	1-2	+IR	51	218	59	227	92	402	51	53	102	74	66	66	IR	AT1G22360	AT1G22370	AT1G22360-AT1G223701-2+IR	847	202	193	219	both
1039	AT1G07470-AT1G07480	2-3	2-3	+IR	1	254	2	470	4	622	1	296	2	480	3	659	IR	AT1G07470	AT1G07480	AT1G07470-AT1G074802-3+IR	1346	7	1435	6	both
1040	AT1G07470-AT1G07480	5-6	5-6	+IR	5	114	10	152	11	223	8	134	14	142	15	206	IR	AT1G07470	AT1G07480	AT1G07470-AT1G074805-6+IR	489	26	482	37	both
1042	AT1G07470-AT1G07480	6-7	6-7	+IR	13	125	3	149	7	205	1	199	3	197	4	269	IR	AT1G07470	AT1G07480	AT1G07470-AT1G074806-7+IR	479	23	665	8	both
1043	AT1G07470-AT1G07480	7-8	7-8	+IR	16	97	8	117	10	216	7	160	6	193	9	247	IR	AT1G07470	AT1G07480	AT1G07470-AT1G074807-8+IR	430	34	600	22	both
1045	AT1G07470-AT1G07480	8-9	8-9	+IR	26	153	22	144	40	261	75	140	38	207	63	243	IR	AT1G07470	AT1G07480	AT1G07470-AT1G074808-9+IR	558	88	590	176	both
1048	AT1G07470-AT1G07480	11-12	11-12	+IR	1	100	17	116	15	201	11	99	5	126	24	210	IR	AT1G07470	AT1G07480	AT1G07470-AT1G0748011-12+IR	417	33	435	40	both
1050	AT5G65050-AT5G65060	1-2	1-2	+IR	45	245	33	221	46	334	17	70	12	64	24	123	IR	AT5G65050	AT5G65060	AT5G65050-AT5G650601-2+IR	800	124	257	53	both
1052	AT5G65050-AT5G65060	2-3	2-3	+IR	17	283	17	287	24	404	3	72	4	68	2	117	IR	AT5G65050	AT5G65060	AT5G65050-AT5G650602-3+IR	974	58	257	9	both
1053	AT5G65050-AT5G65060	3-4	3-4	+IR	236	104	237	89	355	130	61	69	52	72	95	134	IR	AT5G65050	AT5G65060	AT5G65050-AT5G650603-4+IR	323	828	275	208	both
1054	AT5G65050-AT5G65060	3-4	3-4	-ALTA	14	326	14	312	14	471	59	71	48	76	94	135	ALTA	AT5G65050	AT5G65060	AT5G65050-AT5G650603-4-ALTA	1109	42	282	201	both
1058	AT4G21400-AT4G21410	4-5	5-6	+IR	6	46	5	28	10	71	18	41	18	34	9	70	IR	AT4G21400	AT4G21410	AT4G21400-AT4G214104-5+IR	145	21	145	45	both
1072	AT1G76520-AT1G76530	6-7	6-7	+IR	45	286	27	242	37	328	17	12	8	3	25	13	IR	AT1G76520	AT1G76530	AT1G76520-AT1G765306-7+IR	856	109	28	50	both
1073	AT1G76520-AT1G76530	7-8	7-8	+IR	5	424	2	392	6	586	9	5	6	4	26	34	IR	AT1G76520	AT1G76530	AT1G76520-AT1G765307-8+IR	1402	13	43	41	both
1075	AT1G76520-AT1G76530	9-10	9-10	+IR	9	149	16	147	24	271	5	8	4	8	8	16	IR	AT1G76520	AT1G76530	AT1G76520-AT1G765309-10+IR	567	49	32	17	both
1077	AT3G24870-AT3G24880	9-10	8-9	-ALTA	10	53	3	60	5	81	9	59	3	63	3	93	ALTA	AT3G24870	AT3G24880	AT3G24870-AT3G248809-10-ALTA	194	18	215	15	both
1080	AT3G13290-AT3G13300	5-6	5-6	+IR	6	46	3	53	1	79	5	157	2	125	2	296	IR	AT3G13290	AT3G13300	AT3G13290-AT3G133005-6+IR	178	10	578	9	both
1082	AT3G13290-AT3G13300	10-11	10-11	+IR	1	113	1	99	2	153	23	268	10	211	24	382	IR	AT3G13290	AT3G13300	AT3G13290-AT3G1330010-11+IR	365	4	861	57	both
1097	AT1G27330-AT1G27350	2-3	2-3	+IR	13	480	9	509	29	888	9	382	17	361	31	734	IR	AT1G27330	AT1G27350	AT1G27330-AT1G273502-3+IR	1877	51	1477	57	both
1099	AT1G63470-AT1G63480	2-3	2-3	+IR	7	36	4	42	12	83	2	21	1	15	3	47	IR	AT1G63470	AT1G63480	AT1G63470-AT1G634802-3+IR	161	23	83	6	both
1107	AT1G38065-AT1G38131	4-5	5-6	+IR	4	132	2	83	10	166	4	150	3	93	12	175	IR	AT1G38065	AT1G38131	AT1G38065-AT1G381314-5+IR	381	16	418	19	both
1108	AT1G38065-AT1G38131	8-9	9-10	+IR	9	199	3	162	6	318	9	189	4	147	8	278	IR	AT1G38065	AT1G38131	AT1G38065-AT1G381318-9+IR	679	18	614	21	both
1121	AT5G24770-AT5G24780	1-2	1-2	+IR	11	291	23	503	30	830	2	63	2	78	7	138	IR	AT5G24770	AT5G24780	AT5G24770-AT5G247801-2+IR	1624	64	279	11	both
1122	AT5G24770-AT5G24780	2-3	2-3	+IR	5	265	31	528	29	941	3	77	1	73	6	158	IR	AT5G24770	AT5G24780	AT5G24770-AT5G247802-3+IR	1734	65	308	10	both
1131	AT5G43440-AT5G43450	1-2	1-2	+IR	40	489	86	569	112	759	2	178	7	229	7	217	IR	AT5G43440	AT5G43450	AT5G43440-AT5G434501-2+IR	1817	238	624	16	both
1132	AT5G43440-AT5G43450	2-3	2-3	+IR	210	207	265	342	372	388	24	142	49	218	46	216	IR	AT5G43440	AT5G43450	AT5G43440-AT5G434502-3+IR	937	847	576	119	both
1142	AT3G61990-AT3G62000	3-4	3-4	+IR	3	18	6	16	8	26	8	90	2	93	5	184	IR	AT3G61990	AT3G62000	AT3G61990-AT3G620003-4+IR	60	17	367	15	both
1149	AT2G32190-AT2G32210	1-2	1-2	+IR	10	64	6	119	16	128	7	75	5	148	16	129	IR	AT2G32190	AT2G32210	AT2G32190-AT2G322101-2+IR	311	32	352	28	both
1150	AT2G32190-AT2G32210	2-3	2-3	+IR	11	27	10	70	11	66	5	39	17	88	41	67	IR	AT2G32190	AT2G32210	AT2G32190-AT2G322102-3+IR	163	32	194	63	both
1160	AT1G55980-AT1G56000	7-8	1-2	+IR	15	336	16	275	19	553	15	332	16	273	19	545	IR	AT1G55980	AT1G56000	AT1G55980-AT1G560007-8+IR	1164	50	1150	50	both
1161	AT1G55980-AT1G56000	8-9	2-3	+IR	20	272	7	300	15	563	20	267	6	296	14	567	IR	AT1G55980	AT1G56000	AT1G55980-AT1G560008-9+IR	1135	42	1130	40	both
1163	AT5G52750-AT5G52760	2-3	2-3	+IR	48	153	6	199	29	308	7	46	3	77	9	87	IR	AT5G52750	AT5G52760	AT5G52750-AT5G527602-3+IR	660	83	210	19	both
1165	AT3G22310-AT3G22330	2-3	2-3	+IR	1	92	1	63	3	187	20	190	5	130	22	393	IR	AT3G22310	AT3G22330	AT3G22310-AT3G223302-3+IR	342	5	713	47	both
1182	AT1G53430-AT1G53440	17-18	17-18	+IR	7	266	6	288	7	412	2	109	3	126	6	185	IR	AT1G53430	AT1G53440	AT1G53430-AT1G5344017-18+IR	966	20	420	11	both
1185	AT1G53430-AT1G53440	21-22	21-22	+IR	8	229	7	284	27	458	1	96	5	172	4	223	IR	AT1G53430	AT1G53440	AT1G53430-AT1G5344021-22+IR	971	42	491	10	both
1186	AT1G53430-AT1G53440	22-23	22-23	+IR	13	284	10	318	16	433	8	113	11	200	16	252	IR	AT1G53430	AT1G53440	AT1G53430-AT1G5344022-23+IR	1035	39	565	35	both
1194	AT4G25660-AT4G25680	1-2	1-2	+IR	6	210	9	274	8	452	4	159	6	201	3	324	IR	AT4G25660	AT4G25680	AT4G25660-AT4G256801-2+IR	936	23	684	13	both
1195	AT4G25660-AT4G25680	2-3	2-3	+IR	17	251	5	263	15	416	4	176	1	181	13	323	IR	AT4G25660	AT4G25680	AT4G25660-AT4G256802-3+IR	930	37	680	18	both
1196	AT4G25660-AT4G25680	3-4	3-4	+IR	6	215	1	229	9	408	1	197	5	214	15	365	IR	AT4G25660	AT4G25680	AT4G25660-AT4G256803-4+IR	852	16	776	21	both
1199	AT1G56510-AT1G56520	1-2	1-2	+IR	29	163	37	170	55	187	24	67	14	92	32	117	IR	AT1G56510	AT1G56520	AT1G56510-AT1G565201-2+IR	520	121	276	70	both
1201	AT4G04750-AT4G04760	4-5	3-4	+IR	8	94	8	88	7	166	7	4	5	0	3	6	IR	AT4G04750	AT4G04760	AT4G04750-AT4G047604-5+IR	348	23	10	15	both
1203	AT4G04750-AT4G04760	6-7	5-6	+IR	2	169	4	114	6	274	5	6	2	5	1	3	IR	AT4G04750	AT4G04760	AT4G04750-AT4G047606-7+IR	557	12	14	8	both
1210	AT1G08000-AT1G08010	2-3	2-3	-ALTA	1	68	2	49	2	105	1	106	2	82	6	139	ALTA	AT1G08000	AT1G08010	AT1G08000-AT1G080102-3-ALTA	222	5	327	9	both
1214	AT1G67650-AT1G67680	2-3	2-3	+IR	7	7	8	7	6	7	6	198	2	177	10	344	IR	AT1G67650	AT1G67680	AT1G67650-AT1G676802-3+IR	21	21	719	18	both
1219	AT5G36670-AT5G36740	5-6	5-6	+IR	9	8	6	5	6	9	9	9	7	6	6	15	IR	AT5G36670	AT5G36740	AT5G36670-AT5G367405-6+IR	22	21	30	22	both
1235	AT1G58848-AT1G59218	1-2	1-2	+IR	51	437	17	483	47	650	63	926	23	913	64	1692	IR	AT1G58848	AT1G59218	AT1G58848-AT1G592181-2+IR	1570	115	3531	150	both
1236	AT1G58848-AT1G59218	1-2	1-2	+ALTA	1	487	5	495	5	692	14	975	9	927	27	1729	ALTA	AT1G58848	AT1G59218	AT1G58848-AT1G592181-2+ALTA	1674	11	3631	50	both
1237	AT1G58848-AT1G59218	2-3	2-3	+ALTD	4	377	1	354	1	464	4	377	1	354	1	465	ALTD	AT1G58848	AT1G59218	AT1G58848-AT1G592182-3+ALTD	1195	6	1196	6	both
1238	AT1G58848-AT1G59218	2-3	2-3	+IR	19	362	16	339	26	439	19	362	16	339	26	440	IR	AT1G58848	AT1G59218	AT1G58848-AT1G592182-3+IR	1140	61	1141	61	both
1239	AT1G58848-AT1G59218	4-5	4-5	+IR	39	472	27	536	25	686	36	372	19	414	17	558	IR	AT1G58848	AT1G59218	AT1G58848-AT1G592184-5+IR	1694	91	1344	72	both
1240	AT1G58848-AT1G59218	4-5	4-5	+ALTA	3	508	4	559	7	704	3	405	3	430	6	569	ALTA	AT1G58848	AT1G59218	AT1G58848-AT1G592184-5+ALTA	1771	14	1404	12	both
1243	AT4G12770-AT4G12780	3-4	3-4	+IR	5	114	12	96	27	182	6	171	3	150	5	282	IR	AT4G12770	AT4G12780	AT4G12770-AT4G127803-4+IR	392	44	603	14	both
1244	AT4G12770-AT4G12780	3-4	3-4	-ALTA	4	115	3	105	16	193	6	171	15	138	21	266	ALTA	AT4G12770	AT4G12780	AT4G12770-AT4G127803-4-ALTA	413	23	575	42	both
1245	AT4G12770-AT4G12780	4-5	4-5	+IR	19	129	11	105	18	215	7	240	3	154	6	308	IR	AT4G12770	AT4G12780	AT4G12770-AT4G127804-5+IR	449	48	702	16	both
1246	AT4G12770-AT4G12780	5-6	5-6	+IR	9	119	8	100	32	181	25	159	9	126	14	230	IR	AT4G12770	AT4G12780	AT4G12770-AT4G127805-6+IR	400	49	515	48	both
1247	AT4G12770-AT4G12780	6-7	6-7	+IR	4	124	3	114	8	193	2	188	3	173	5	290	IR	AT4G12770	AT4G12780	AT4G12770-AT4G127806-7+IR	431	15	651	10	both
1248	AT4G12770-AT4G12780	7-8	7-8	+IR	1	92	7	74	7	161	23	194	17	156	41	324	IR	AT4G12770	AT4G12780	AT4G12770-AT4G127807-8+IR	327	15	674	81	both
1249	AT5G13430-AT5G13440	1-2	1-2	+IR	22	713	22	491	87	1047	40	1127	43	914	46	2035	IR	AT5G13430	AT5G13440	AT5G13430-AT5G134401-2+IR	2251	131	4076	129	both
1251	AT5G56650-AT5G56660	2-3	2-3	+IR	6	192	1	234	6	350	12	46	4	74	11	148	IR	AT5G56650	AT5G56660	AT5G56650-AT5G566602-3+IR	776	13	268	27	both
1252	AT5G56650-AT5G56660	3-4	3-4	+IR	3	124	1	132	2	212	10	67	9	72	14	112	IR	AT5G56650	AT5G56660	AT5G56650-AT5G566603-4+IR	468	6	251	33	both
1253	AT5G56650-AT5G56660	4-5	4-5	+IR	80	152	67	121	109	170	14	48	36	86	34	99	IR	AT5G56650	AT5G56660	AT5G56650-AT5G566604-5+IR	443	256	233	84	both
1264	AT1G03400-AT1G03410	1-2	1-2	+IR	4	283	14	306	14	377	10	26	8	37	28	45	IR	AT1G03400	AT1G03410	AT1G03400-AT1G034101-2+IR	966	32	108	46	both
1267	AT5G25120-AT5G25130	2-3	2-3	+IR	11	226	4	236	15	406	7	152	23	309	47	267	IR	AT5G25120	AT5G25130	AT5G25120-AT5G251302-3+IR	868	30	728	77	both
1270	AT5G41120-AT5G41130	11-12	11-12	+IR	11	18	10	11	9	18	6	14	2	28	12	35	IR	AT5G41120	AT5G41130	AT5G41120-AT5G4113011-12+IR	47	30	77	20	both
1279	AT5G19990-AT5G20000	1-2	1-2	+IR	9	503	3	560	11	1112	10	239	4	291	8	433	IR	AT5G19990	AT5G20000	AT5G19990-AT5G200001-2+IR	2175	23	963	22	both
1280	AT5G19990-AT5G20000	5-6	5-6	+IR	1	479	3	520	5	866	4	280	2	339	13	563	IR	AT5G19990	AT5G20000	AT5G19990-AT5G200005-6+IR	1865	9	1182	19	both
1281	AT5G19990-AT5G20000	7-8	7-8	+IR	3	577	2	576	1	1070	7	228	2	355	13	494	IR	AT5G19990	AT5G20000	AT5G19990-AT5G200007-8+IR	2223	6	1077	22	both
1282	AT5G19990-AT5G20000	8-9	8-9	+IR	3	354	2	351	3	652	1	222	4	287	4	447	IR	AT5G19990	AT5G20000	AT5G19990-AT5G200008-9+IR	1357	8	956	9	both
1283	AT3G08570-AT3G08660	3-4	3-4	+IR	1	4	1	7	2	10	1	26	5	18	4	17	IR	AT3G08570	AT3G08660	AT3G08570-AT3G086603-4+IR	21	4	61	10	both
1293	AT5G55300-AT5G55310	7-8	7-8	+IR	1	253	1	273	5	388	3	185	2	149	4	238	IR	AT5G55300	AT5G55310	AT5G55300-AT5G553107-8+IR	914	7	572	9	both
1300	AT4G14230-AT4G14240	6-7	9-10	+IR	24	181	25	159	39	287	2	242	4	178	6	388	IR	AT4G14230	AT4G14240	AT4G14230-AT4G142406-7+IR	627	88	808	12	both
1307	AT1G06640-AT1G06650	1-2	1-2	+IR	5	172	8	163	10	227	11	421	11	425	18	580	IR	AT1G06640	AT1G06650	AT1G06640-AT1G066501-2+IR	562	23	1426	40	both
1308	AT1G06640-AT1G06650	1-2	1-2	-ALTD	1	176	4	167	1	236	3	429	7	429	4	594	ALTD	AT1G06640	AT1G06650	AT1G06640-AT1G066501-2-ALTD	579	6	1452	14	both
1310	AT1G06640-AT1G06650	2-3	2-3	+IR	15	231	17	233	18	395	31	640	23	647	26	1013	IR	AT1G06640	AT1G06650	AT1G06640-AT1G066502-3+IR	859	50	2300	80	both
1312	AT1G54580-AT1G54630	1-2	1-2	+IR	17	647	15	601	72	1189	21	845	26	760	62	1683	IR	AT1G54580	AT1G54630	AT1G54580-AT1G546301-2+IR	2437	104	3288	109	both
1313	AT1G54580-AT1G54630	2-3	2-3	+IR	4	887	6	940	8	1747	3	1151	13	1121	26	2486	IR	AT1G54580	AT1G54630	AT1G54580-AT1G546302-3+IR	3574	18	4758	42	both
1314	AT1G54580-AT1G54630	3-4	3-4	+IR	25	860	6	826	23	1432	26	903	23	902	45	1667	IR	AT1G54580	AT1G54630	AT1G54580-AT1G546303-4+IR	3118	54	3472	94	both
1315	AT5G18770-AT5G18780	3-4	2-3	+IR	8	41	6	32	5	53	14	36	8	22	13	25	IR	AT5G18770	AT5G18780	AT5G18770-AT5G187803-4+IR	126	19	83	35	both
1326	AT4G37520-AT4G37530	2-3	2-3	+IR	17	87	46	106	18	150	2	59	1	36	1	77	IR	AT4G37520	AT4G37530	AT4G37520-AT4G375302-3+IR	343	81	172	4	both
1328	AT3G26070-AT3G26080	1-2	1-2	+IR	17	1876	17	1721	19	2851	10	186	8	151	30	273	IR	AT3G26070	AT3G26080	AT3G26070-AT3G260801-2+IR	6448	53	610	48	both
1329	AT3G26070-AT3G26080	2-3	2-3	+IR	28	1719	30	1496	43	2525	11	165	7	129	9	231	IR	AT3G26070	AT3G26080	AT3G26070-AT3G260802-3+IR	5740	101	525	27	both
1331	AT3G26070-AT3G26080	3-4	3-4	+IR	70	1762	51	1499	70	2579	49	192	43	146	79	257	IR	AT3G26070	AT3G26080	AT3G26070-AT3G260803-4+IR	5840	191	595	171	both
1332	AT3G26070-AT3G26080	4-5	4-5	+IR	3	1805	2	1522	2	2446	9	149	6	139	12	236	IR	AT3G26070	AT3G26080	AT3G26070-AT3G260804-5+IR	5773	7	524	27	both
1335	AT4G38170-AT4G38180	2-3	1-2	+IR	7	77	7	56	4	144	5	24	2	19	9	45	IR	AT4G38170	AT4G38180	AT4G38170-AT4G381802-3+IR	277	18	88	16	both
1339	AT1G11340-AT1G11410	6-7	5-6	+IR	3	12	3	21	5	30	17	245	3	221	13	402	IR	AT1G11340	AT1G11410	AT1G11340-AT1G114106-7+IR	63	11	868	33	both
1351	AT2G40510-AT2G40590	2-3	2-3	+IR	8	2758	2	2518	9	6942	3	1456	2	976	3	3439	IR	AT2G40510	AT2G40590	AT2G40510-AT2G405902-3+IR	12218	19	5871	8	both
1352	AT2G40510-AT2G40590	3-4	3-4	+IR	5	1326	4	1039	4	2481	3	893	4	382	5	1429	IR	AT2G40510	AT2G40590	AT2G40510-AT2G405903-4+IR	4846	13	2704	12	both
1353	AT2G40510-AT2G40590	4-5	4-5	+IR	59	992	37	668	75	1532	24	965	6	419	22	1406	IR	AT2G40510	AT2G40590	AT2G40510-AT2G405904-5+IR	3192	171	2790	52	both
1363	AT1G71270-AT1G71300	18-19	17-18	+IR	7	211	3	196	2	305	1	0	3	1	2	0	IR	AT1G71270	AT1G71300	AT1G71270-AT1G7130018-19+IR	712	12	1	6	both
1374	AT5G20940-AT5G20950	8-9	9-10	+IR	6	10	3	4	8	8	9	335	4	358	22	670	IR	AT5G20940	AT5G20950	AT5G20940-AT5G209508-9+IR	22	17	1363	35	both
1415	AT4G14710-AT4G14716	3-4	2-3	+IR	17	1160	17	1087	35	1940	6	749	10	986	10	1678	IR	AT4G14710	AT4G14716	AT4G14710-AT4G147163-4+IR	4187	69	3413	26	both
1416	AT4G14710-AT4G14716	4-5	3-4	+IR	20	1065	17	998	17	1734	47	536	36	796	44	1062	IR	AT4G14710	AT4G14716	AT4G14710-AT4G147164-5+IR	3797	54	2394	127	both
1417	AT4G14710-AT4G14716	6-7	5-6	+IR	10	822	5	668	8	1178	1	445	6	418	3	622	IR	AT4G14710	AT4G14716	AT4G14710-AT4G147166-7+IR	2668	23	1485	10	both
1418	AT4G08480-AT4G08500	2-3	2-3	+IR	1	84	1	89	7	112	11	109	2	127	14	186	IR	AT4G08480	AT4G08500	AT4G08480-AT4G085002-3+IR	285	9	422	27	both
1424	AT4G08480-AT4G08500	8-9	8-9	+IR	2	27	2	36	2	72	7	64	15	87	22	151	IR	AT4G08480	AT4G08500	AT4G08480-AT4G085008-9+IR	135	6	302	44	both
1426	AT2G32530-AT2G32540	1-2	1-2	+IR	8	101	1	45	5	94	2	103	1	92	3	174	IR	AT2G32530	AT2G32540	AT2G32530-AT2G325401-2+IR	240	14	369	6	both
1431	AT2G32530-AT2G32540	5-6	5-6	+IR	45	82	18	70	27	120	12	232	3	155	12	250	IR	AT2G32530	AT2G32540	AT2G32530-AT2G325405-6+IR	272	90	637	27	both
1432	AT2G32530-AT2G32540	6-7	6-7	+IR	18	122	9	94	16	122	5	277	3	202	11	332	IR	AT2G32530	AT2G32540	AT2G32530-AT2G325406-7+IR	338	43	811	19	both
1433	AT2G32530-AT2G32540	6-7	6-7	-ALTA	1	139	3	100	2	136	14	268	12	193	5	338	ALTA	AT2G32530	AT2G32540	AT2G32530-AT2G325406-7-ALTA	375	6	799	31	both
1434	AT2G32530-AT2G32540	7-8	7-8	+IR	30	80	10	60	33	74	2	232	2	162	3	291	IR	AT2G32530	AT2G32540	AT2G32530-AT2G325407-8+IR	214	73	685	7	both
1435	AT2G32530-AT2G32540	8-9	8-9	+IR	28	118	17	56	23	94	10	231	4	209	14	349	IR	AT2G32530	AT2G32540	AT2G32530-AT2G325408-9+IR	268	68	789	28	both
1440	AT3G23550-AT3G23560	5-6	5-6	+IR	6	47	3	53	4	26	1	43	6	43	8	53	IR	AT3G23550	AT3G23560	AT3G23550-AT3G235605-6+IR	126	13	139	15	both
1441	AT5G17520-AT5G17523	1-2	1-2	+IR	14	171	6	264	14	379	16	158	6	243	12	354	IR	AT5G17520	AT5G17523	AT5G17520-AT5G175231-2+IR	814	34	755	34	both
