pair,j1,j2,class,g1r1alt,g1r1cons,g1r2alt,g1r2cons,g1r3alt,g1r3cons,g2r1alt,g2r1cons,g2r2alt,g2r2cons,g2r3alt,g2r3cons,class2,pair_1,pair_2,uniqID,g1_all_cons,g1_all_alts,g2_all_cons,g2_all_alts,one_gene_alts_only,qdiff
AT2G32160-AT2G32170,9-10,10-11,-ALTA,0,248,0,194,0,278,110,0,105,0,151,1,ALTA,AT2G32160,AT2G32170,AT2G32160-AT2G321709-10-ALTA,720,0,1,366,one,366
AT2G33110-AT2G33120,1-2,1-2,-ALTD,0,31,0,23,0,53,652,11,778,4,1300,9,ALTD,AT2G33110,AT2G33120,AT2G33110-AT2G331201-2-ALTD,107,0,24,2730,one,113.75
AT5G61060-AT5G61070,6-7,6-7,-ALTD,115,3,136,0,205,2,0,3,0,6,0,22,ALTD,AT5G61060,AT5G61070,AT5G61060-AT5G610706-7-ALTD,5,456,31,0,one,91.2
AT3G61990-AT3G62000,8-9,8-9,-ALTD,0,41,0,24,0,34,105,2,95,3,194,3,ALTD,AT3G61990,AT3G62000,AT3G61990-AT3G620008-9-ALTD,99,0,8,394,one,49.25
AT3G47350-AT3G47360,1-2,1-2,+IR,0,3,0,9,0,7,91,0,65,5,103,2,IR,AT3G47350,AT3G47360,AT3G47350-AT3G473601-2+IR,19,0,7,259,one,37
AT2G30750-AT2G30770,3-4,3-4,+IR,0,11,0,1,0,4,24,1,26,0,43,3,IR,AT2G30750,AT2G30770,AT2G30750-AT2G307703-4+IR,16,0,4,93,one,23.25
AT4G00960-AT4G00970,3-4,4-5,+ALTD;+ALTA,2,0,2,0,12,1,0,149,0,134,0,193,ALTP,AT4G00960,AT4G00970,AT4G00960-AT4G009703-4+ALTD;+ALTA,1,16,476,0,one,16
AT1G20693-AT1G20696,6-7,6-7,-ALTD;+ALTA,0,1588,0,2080,0,2791,1339,126,2036,131,2797,250,ALTP,AT1G20693,AT1G20696,AT1G20693-AT1G206966-7-ALTD;+ALTA,6459,0,507,6172,one,12.1735700197239
AT1G66690-AT1G66700,1-2,1-2,+IR,2,0,5,0,5,1,0,0,0,0,0,1,IR,AT1G66690,AT1G66700,AT1G66690-AT1G667001-2+IR,1,12,1,0,one,12
AT1G75880-AT1G75890,2-3,2-3,-ALTD,35,6,28,1,66,9,0,3,0,3,0,3,ALTD,AT1G75880,AT1G75890,AT1G75880-AT1G758902-3-ALTD,16,129,9,0,one,8.0625
AT2G02380-AT2G02390,3-4,3-4,-ALTA,0,3,0,1,0,3,183,28,217,26,308,38,ALTA,AT2G02380,AT2G02390,AT2G02380-AT2G023903-4-ALTA,7,0,92,708,one,7.69565217391304
AT4G15215-AT4G15230,8-9,8-9,+ALTA,9,3,3,0,12,3,0,0,0,3,0,3,ALTA,AT4G15215,AT4G15230,AT4G15215-AT4G152308-9+ALTA,6,24,6,0,one,4
AT4G21400-AT4G21410,2-3,2-3,+ALTA;-ALTD,26,13,24,9,52,10,0,25,0,38,0,67,ALTP,AT4G21400,AT4G21410,AT4G21400-AT4G214102-3+ALTA;-ALTD,32,102,130,0,one,3.1875
AT2G43820-AT2G43840,1-2,1-2,-ALTD;+ALTA,0,215,0,436,0,420,1,3,7,1,14,3,ALTP,AT2G43820,AT2G43840,AT2G43820-AT2G438401-2-ALTD;+ALTA,1071,0,7,22,one,3.14285714285714
AT1G47550-AT1G47560,17-18,17-18,-ALTD,172,47,177,58,273,98,0,3,0,4,0,11,ALTD,AT1G47550,AT1G47560,AT1G47550-AT1G4756017-18-ALTD,203,622,18,0,one,3.064039408867
AT1G36160-AT1G36180,6-7,6-7,+IR,0,127,0,177,0,281,31,12,25,2,33,17,IR,AT1G36160,AT1G36180,AT1G36160-AT1G361806-7+IR,585,0,31,89,one,2.87096774193548
AT1G31280-AT1G31290,2-3,2-3,+IR,0,23,0,41,0,76,3,0,4,0,3,4,IR,AT1G31280,AT1G31290,AT1G31280-AT1G312902-3+IR,140,0,4,10,one,2.5
AT3G51340-AT3G51350,4-5,4-5,+IR,6,3,13,1,12,9,0,8,0,2,0,3,IR,AT3G51340,AT3G51350,AT3G51340-AT3G513504-5+IR,13,31,13,0,one,2.38461538461538
AT1G61420-AT1G61460,3-4,4-5,+ALTA,9,4,5,0,7,5,0,3,0,6,0,9,ALTA,AT1G61420,AT1G61460,AT1G61420-AT1G614603-4+ALTA,9,21,18,0,one,2.33333333333333
AT4G17470-AT4G17480,7-8,6-7,+IR,0,41,0,55,0,135,1,1,7,2,6,3,IR,AT4G17470,AT4G17480,AT4G17470-AT4G174807-8+IR,231,0,6,14,one,2.33333333333333
AT4G17470-AT4G17480,8-9,7-8,+IR,0,52,0,74,0,166,2,0,9,1,6,7,IR,AT4G17470,AT4G17480,AT4G17470-AT4G174808-9+IR,292,0,8,17,one,2.125
AT1G67440-AT1G67460,2-3,2-3,+IR,0,246,0,313,0,494,14,12,11,2,25,10,IR,AT1G67440,AT1G67460,AT1G67440-AT1G674602-3+IR,1053,0,24,50,one,2.08333333333333
AT1G27170-AT1G27180,1-2,2-3,+IR,0,1,0,14,0,14,28,16,32,5,40,29,IR,AT1G27170,AT1G27180,AT1G27170-AT1G271801-2+IR,29,0,50,100,one,2
AT1G52430-AT1G52450,2-3,2-3,+IR,0,3,0,0,0,1,4,2,2,0,2,2,IR,AT1G52430,AT1G52450,AT1G52430-AT1G524502-3+IR,4,0,4,8,one,2
AT3G57460-AT3G57470,2-3,10-11,+ALTD,11,3,6,7,23,10,0,152,0,118,0,181,ALTD,AT3G57460,AT3G57470,AT3G57460-AT3G574702-3+ALTD,20,40,451,0,one,2
AT4G00960-AT4G00970,2-3,3-4,+IR,0,2,0,2,0,4,224,104,190,99,247,151,IR,AT4G00960,AT4G00970,AT4G00960-AT4G009702-3+IR,8,0,354,661,one,1.86723163841808
AT5G04680-AT5G04700,5-6,6-7,+IR,0,18,0,11,0,29,17,8,18,11,20,13,IR,AT5G04680,AT5G04700,AT5G04680-AT5G047005-6+IR,58,0,32,55,one,1.71875
AT5G28320-AT5G28400,8-9,6-7,+ALTA;+ALTD,0,154,0,157,0,220,79,45,76,54,110,61,ALTP,AT5G28320,AT5G28400,AT5G28320-AT5G284008-9+ALTA;+ALTD,531,0,160,265,one,1.65625
AT3G14130-AT3G14150,3-4,3-4,+IR,0,31,0,47,0,74,111,44,95,72,115,86,IR,AT3G14130,AT3G14150,AT3G14130-AT3G141503-4+IR,152,0,202,321,one,1.58910891089109
AT4G15215-AT4G15230,10-11,10-11,+IR,0,6,0,11,0,21,2,2,1,0,3,2,IR,AT4G15215,AT4G15230,AT4G15215-AT4G1523010-11+IR,38,0,4,6,one,1.5
AT5G07770-AT5G07780,11-12,9-10,+IR,44,37,28,16,48,28,0,0,0,1,0,5,IR,AT5G07770,AT5G07780,AT5G07770-AT5G0778011-12+IR,81,120,6,0,one,1.48148148148148
AT5G23770-AT5G23800,2-3,1-2,+IR,2,5,6,6,14,5,0,8,0,13,0,27,IR,AT5G23770,AT5G23800,AT5G23770-AT5G238002-3+IR,16,22,48,0,one,1.375
AT3G50140-AT3G50190,2-3,2-3,+IR,0,6,0,11,0,8,6,1,1,1,1,4,IR,AT3G50140,AT3G50190,AT3G50140-AT3G501902-3+IR,25,0,6,8,one,1.33333333333333
AT1G53870-AT1G53890,1-2,1-2,+ALTD;+ALTA,0,804,0,662,0,864,584,501,538,399,685,538,ALTP,AT1G53870,AT1G53890,AT1G53870-AT1G538901-2+ALTD;+ALTA,2330,0,1438,1807,one,1.25660639777469
AT1G75880-AT1G75890,2-3,2-3,-ALTA,0,41,0,29,0,75,3,0,1,2,1,2,ALTA,AT1G75880,AT1G75890,AT1G75880-AT1G758902-3-ALTA,145,0,4,5,one,1.25
AT5G59650-AT5G59680,3-4,3-4,+IR,12,3,4,9,6,6,0,16,0,16,0,24,IR,AT5G59650,AT5G59680,AT5G59650-AT5G596803-4+IR,18,22,56,0,one,1.22222222222222
AT4G16940-AT4G16960,2-3,2-3,+ALTA;-ALTD,0,0,0,1,0,1,7,16,13,9,30,16,ALTP,AT4G16940,AT4G16960,AT4G16940-AT4G169602-3+ALTA;-ALTD,2,0,41,50,one,1.21951219512195
AT4G36270-AT4G36280,11-12,11-12,+IR,0,18,0,18,0,19,25,20,6,7,21,16,IR,AT4G36270,AT4G36280,AT4G36270-AT4G3628011-12+IR,55,0,43,52,one,1.2093023255814
AT4G14096-AT4G14103,3-4,2-3,+IR,0,65,0,70,0,155,3,2,1,3,5,4,IR,AT4G14096,AT4G14103,AT4G14096-AT4G141033-4+IR,290,0,9,9,one,1
AT4G14096-AT4G14103,3-4,2-3,+ALTA,0,65,0,70,0,155,2,3,3,1,4,5,ALTA,AT4G14096,AT4G14103,AT4G14096-AT4G141033-4+ALTA,290,0,9,9,one,1
AT4G04750-AT4G04760,15-16,14-15,+IR,0,111,0,89,0,208,2,13,17,6,7,7,IR,AT4G04750,AT4G04760,AT4G04750-AT4G0476015-16+IR,408,0,26,26,one,1
AT4G04750-AT4G04760,15-16,14-15,-ALTD,0,111,0,89,0,208,13,2,6,17,7,7,ALTD,AT4G04750,AT4G04760,AT4G04750-AT4G0476015-16-ALTD,408,0,26,26,one,1
AT5G28320-AT5G28400,8-9,6-7,+ALTD,81,73,76,81,106,114,0,124,0,130,0,171,ALTD,AT5G28320,AT5G28400,AT5G28320-AT5G284008-9+ALTD,268,263,425,0,one,0.98134328358209
AT1G30410-AT1G30420,16-17,14-15,-ALTA,0,72,0,53,0,94,13,8,1,8,11,11,ALTA,AT1G30410,AT1G30420,AT1G30410-AT1G3042016-17-ALTA,219,0,27,25,one,0.925925925925926
AT4G36270-AT4G36280,15-16,15-16,+ALTD,8,11,16,13,23,28,0,29,0,15,0,34,ALTD,AT4G36270,AT4G36280,AT4G36270-AT4G3628015-16+ALTD,52,47,78,0,one,0.903846153846154
AT4G16940-AT4G16960,2-3,2-3,+IR,0,0,0,1,0,1,16,7,9,13,16,30,IR,AT4G16940,AT4G16960,AT4G16940-AT4G169602-3+IR,2,0,50,41,one,0.82
AT5G59650-AT5G59680,3-4,3-4,+ALTD;-ALTA,3,12,9,4,6,6,0,16,0,16,0,24,ALTP,AT5G59650,AT5G59680,AT5G59650-AT5G596803-4+ALTD;-ALTA,22,18,56,0,one,0.818181818181818
AT5G41360-AT5G41370,6-7,6-7,+IR,0,73,0,59,0,107,114,128,81,114,118,141,IR,AT5G41360,AT5G41370,AT5G41360-AT5G413706-7+IR,239,0,383,313,one,0.817232375979112
AT3G48780-AT3G48790,10-11,6-7,+IR,53,85,49,85,116,115,0,2,0,3,0,3,IR,AT3G48780,AT3G48790,AT3G48780-AT3G4879010-11+IR,285,218,8,0,one,0.764912280701754
AT1G65110-AT1G65120,11-12,10-11,+IR,0,0,0,1,0,1,5,8,5,4,4,7,IR,AT1G65110,AT1G65120,AT1G65110-AT1G6512011-12+IR,2,0,19,14,one,0.736842105263158
AT3G55700-AT3G55710,1-2,1-2,+IR,0,2,0,2,0,4,9,1,5,19,12,17,IR,AT3G55700,AT3G55710,AT3G55700-AT3G557101-2+IR,8,0,37,26,one,0.702702702702703
AT4G05460-AT4G05497,1-2,1-2,+IR,31,41,33,52,63,88,0,1,0,4,0,5,IR,AT4G05460,AT4G05497,AT4G05460-AT4G054971-2+IR,181,127,10,0,one,0.701657458563536
AT4G04750-AT4G04760,16-17,15-16,+IR,0,126,0,107,0,222,5,14,13,7,3,9,IR,AT4G04750,AT4G04760,AT4G04750-AT4G0476016-17+IR,455,0,30,21,one,0.7
AT1G53430-AT1G53440,8-9,8-9,+IR,0,120,0,117,0,165,27,38,37,44,38,69,IR,AT1G53430,AT1G53440,AT1G53430-AT1G534408-9+IR,402,0,151,102,one,0.675496688741722
AT5G66620-AT5G66630,6-7,5-6,+IR,7,9,4,7,7,12,0,12,0,4,0,8,IR,AT5G66620,AT5G66630,AT5G66620-AT5G666306-7+IR,28,18,24,0,one,0.642857142857143
AT5G56240-AT5G56250,3-4,3-4,-ALTA,69,139,101,117,140,249,0,140,0,88,0,165,ALTA,AT5G56240,AT5G56250,AT5G56240-AT5G562503-4-ALTA,505,310,393,0,one,0.613861386138614
AT3G47350-AT3G47360,3-4,3-4,+IR,4,0,1,5,2,7,0,57,0,63,0,94,IR,AT3G47350,AT3G47360,AT3G47350-AT3G473603-4+IR,12,7,214,0,one,0.583333333333333
AT4G24340-AT4G24350,5-6,5-6,+IR,0,7,0,2,0,1,325,597,223,442,409,656,IR,AT4G24340,AT4G24350,AT4G24340-AT4G243505-6+IR,10,0,1695,957,one,0.564601769911504
AT3G59320-AT3G59330,3-4,2-3,+IR,20,45,25,32,34,64,0,66,0,50,0,66,IR,AT3G59320,AT3G59330,AT3G59320-AT3G593303-4+IR,141,79,182,0,one,0.560283687943262
AT4G13870-AT4G13885,4-5,5-6,+ALTD,0,30,0,46,0,58,6,28,10,17,20,20,ALTD,AT4G13870,AT4G13885,AT4G13870-AT4G138854-5+ALTD,134,0,65,36,one,0.553846153846154
AT3G57460-AT3G57470,2-3,10-11,+IR,3,11,7,6,10,23,0,152,0,118,0,181,IR,AT3G57460,AT3G57470,AT3G57460-AT3G574702-3+IR,40,20,451,0,one,0.5
AT3G48780-AT3G48790,11-12,7-8,-ALTD;-ALTA,93,115,42,167,104,221,0,1,0,0,0,4,ALTP,AT3G48780,AT3G48790,AT3G48780-AT3G4879011-12-ALTD;-ALTA,503,239,5,0,one,0.475149105367793
AT3G61990-AT3G62000,4-5,4-5,+ALTA,0,52,0,44,0,57,52,75,30,89,68,152,ALTA,AT3G61990,AT3G62000,AT3G61990-AT3G620004-5+ALTA,153,0,316,150,one,0.474683544303797
AT1G27020-AT1G27030,4-5,4-5,+IR,6,7,6,13,1,8,0,42,0,78,0,137,IR,AT1G27020,AT1G27030,AT1G27020-AT1G270304-5+IR,28,13,257,0,one,0.464285714285714
AT4G31100-AT4G31110,1-2,1-2,+IR,0,0,0,0,0,1,1,4,3,0,1,7,IR,AT4G31100,AT4G31110,AT4G31100-AT4G311101-2+IR,1,0,11,5,one,0.454545454545455
AT2G29190-AT2G29200,1-2,1-2,-ALTA,31,88,26,63,78,148,0,30,0,11,0,82,ALTA,AT2G29190,AT2G29200,AT2G29190-AT2G292001-2-ALTA,299,135,123,0,one,0.451505016722408
AT4G34640-AT4G34650,4-5,4-5,+IR,0,419,0,349,0,611,19,40,18,40,25,58,IR,AT4G34640,AT4G34650,AT4G34640-AT4G346504-5+IR,1379,0,138,62,one,0.449275362318841
AT5G20940-AT5G20950,8-9,9-10,+ALTD,10,6,1,6,1,15,0,344,0,362,0,692,ALTD,AT5G20940,AT5G20950,AT5G20940-AT5G209508-9+ALTD,27,12,1398,0,one,0.444444444444444
AT3G51440-AT3G51450,3-4,3-4,+IR,3,4,4,10,3,10,0,132,0,299,0,272,IR,AT3G51440,AT3G51450,AT3G51440-AT3G514503-4+IR,24,10,703,0,one,0.416666666666667
AT1G73450-AT1G73460,1-2,1-2,+IR,14,27,7,18,17,47,0,120,0,119,0,157,IR,AT1G73450,AT1G73460,AT1G73450-AT1G734601-2+IR,92,38,396,0,one,0.41304347826087
AT1G28570-AT1G28580,1-2,1-2,+IR,0,58,0,35,0,81,98,238,85,154,111,327,IR,AT1G28570,AT1G28580,AT1G28570-AT1G285801-2+IR,174,0,719,294,one,0.408901251738526
AT5G04110-AT5G04130,6-7,12-13,+ALTA,23,45,22,55,34,97,0,347,0,329,0,664,ALTA,AT5G04110,AT5G04130,AT5G04110-AT5G041306-7+ALTA,197,79,1340,0,one,0.401015228426396
AT4G36270-AT4G36280,1-2,1-2,+IR,1,4,3,8,8,18,0,14,0,30,0,53,IR,AT4G36270,AT4G36280,AT4G36270-AT4G362801-2+IR,30,12,97,0,one,0.4
AT1G24265-AT1G24267,5-6,3-4,+IR,14,18,10,18,4,34,0,163,0,136,0,261,IR,AT1G24265,AT1G24267,AT1G24265-AT1G242675-6+IR,70,28,560,0,one,0.4
AT1G30410-AT1G30420,14-15,12-13,+IR,0,46,0,44,0,81,12,24,3,6,8,28,IR,AT1G30410,AT1G30420,AT1G30410-AT1G3042014-15+IR,171,0,58,23,one,0.396551724137931
AT4G04540-AT4G04570,6-7,6-7,+IR,0,14,0,27,0,46,118,277,93,241,190,500,IR,AT4G04540,AT4G04570,AT4G04540-AT4G045706-7+IR,87,0,1018,401,one,0.393909626719057
AT4G23420-AT4G23430,5-6,3-4,-ALTA,0,18,0,11,0,20,125,335,102,299,224,543,ALTA,AT4G23420,AT4G23430,AT4G23420-AT4G234305-6-ALTA,49,0,1177,451,one,0.383177570093458
AT3G16220-AT3G16230,2-3,9-10,+IR,102,284,86,220,128,321,0,104,0,100,0,186,IR,AT3G16220,AT3G16230,AT3G16220-AT3G162302-3+IR,825,316,390,0,one,0.383030303030303
AT2G46440-AT2G46450,4-5,4-5,+ALTA,0,142,0,81,0,110,117,425,67,133,155,353,ALTA,AT2G46440,AT2G46450,AT2G46440-AT2G464504-5+ALTA,333,0,911,339,one,0.37211855104281
AT3G62740-AT3G62750,8-9,8-9,+IR,0,2,0,4,0,3,294,772,253,711,456,1220,IR,AT3G62740,AT3G62750,AT3G62740-AT3G627508-9+IR,9,0,2703,1003,one,0.371069182389937
AT5G19460-AT5G19470,5-6,5-6,+IR,65,150,35,117,68,189,0,3,0,3,0,2,IR,AT5G19460,AT5G19470,AT5G19460-AT5G194705-6+IR,456,168,8,0,one,0.368421052631579
AT3G51640-AT3G51650,1-2,1-2,+IR,17,47,27,53,37,130,0,43,0,26,0,42,IR,AT3G51640,AT3G51650,AT3G51640-AT3G516501-2+IR,230,81,111,0,one,0.352173913043478
AT1G09480-AT1G09490,2-3,1-2,+IR,0,1,0,9,0,10,137,335,140,402,193,648,IR,AT1G09480,AT1G09490,AT1G09480-AT1G094902-3+IR,20,0,1385,470,one,0.339350180505415
AT3G45960-AT3G45970,1-2,1-2,+IR,0,0,0,10,0,1,3,51,80,115,17,135,IR,AT3G45960,AT3G45970,AT3G45960-AT3G459701-2+IR,11,0,301,100,one,0.332225913621262
AT4G21400-AT4G21410,2-3,2-3,+IR,13,26,9,24,10,52,0,25,0,38,0,67,IR,AT4G21400,AT4G21410,AT4G21400-AT4G214102-3+IR,102,32,130,0,one,0.313725490196078
AT3G59320-AT3G59330,4-5,3-4,+ALTA,0,54,0,32,0,55,5,26,5,32,27,61,ALTA,AT3G59320,AT3G59330,AT3G59320-AT3G593304-5+ALTA,141,0,119,37,one,0.310924369747899
AT5G47480-AT5G47490,9-10,10-11,+IR,62,200,47,125,75,270,0,69,0,41,0,106,IR,AT5G47480,AT5G47490,AT5G47480-AT5G474909-10+IR,595,184,216,0,one,0.309243697478992
AT1G30410-AT1G30420,26-27,24-25,+IR,23,61,18,76,44,150,0,27,0,33,0,66,IR,AT1G30410,AT1G30420,AT1G30410-AT1G3042026-27+IR,287,85,126,0,one,0.29616724738676
AT5G25040-AT5G25050,3-4,3-4,+IR,0,171,0,170,0,284,23,50,16,73,16,65,IR,AT5G25040,AT5G25050,AT5G25040-AT5G250503-4+IR,625,0,188,55,one,0.292553191489362
AT1G36160-AT1G36180,6-7,6-7,+ALTD,0,127,0,177,0,281,8,35,2,25,16,34,ALTD,AT1G36160,AT1G36180,AT1G36160-AT1G361806-7+ALTD,585,0,94,26,one,0.276595744680851
AT4G16940-AT4G16960,4-5,4-5,+IR,0,8,0,4,0,7,6,16,2,18,4,10,IR,AT4G16940,AT4G16960,AT4G16940-AT4G169604-5+IR,19,0,44,12,one,0.272727272727273
AT1G47550-AT1G47560,3-4,3-4,+ALTD,0,199,0,214,0,326,1,2,2,3,2,14,ALTD,AT1G47550,AT1G47560,AT1G47550-AT1G475603-4+ALTD,739,0,19,5,one,0.263157894736842
AT2G46440-AT2G46450,1-2,1-2,-ALTA,0,109,0,90,0,121,58,184,28,106,84,359,ALTA,AT2G46440,AT2G46450,AT2G46440-AT2G464501-2-ALTA,320,0,649,170,one,0.261941448382126
AT5G41740-AT5G41750,5-6,3-4,+IR,0,42,0,36,0,46,4,16,6,43,12,26,IR,AT5G41740,AT5G41750,AT5G41740-AT5G417505-6+IR,124,0,85,22,one,0.258823529411765
AT4G15955-AT4G15960,3-4,2-3,+IR,14,47,17,72,26,108,0,14,0,17,0,25,IR,AT4G15955,AT4G15960,AT4G15955-AT4G159603-4+IR,227,57,56,0,one,0.251101321585903
AT1G53750-AT1G53780,3-4,8-9,+IR,0,764,0,728,0,1190,32,123,28,113,50,203,IR,AT1G53750,AT1G53780,AT1G53750-AT1G537803-4+IR,2682,0,439,110,one,0.250569476082005
AT5G41120-AT5G41130,4-5,4-5,+IR,4,10,5,8,1,22,0,28,0,20,0,44,IR,AT5G41120,AT5G41130,AT5G41120-AT5G411304-5+IR,40,10,92,0,one,0.25
AT3G51440-AT3G51450,1-2,1-2,+IR,0,4,0,10,0,12,20,137,53,139,38,169,IR,AT3G51440,AT3G51450,AT3G51440-AT3G514501-2+IR,26,0,445,111,one,0.249438202247191
AT2G32530-AT2G32540,2-3,2-3,+IR,48,155,10,62,33,148,0,204,0,177,0,293,IR,AT2G32530,AT2G32540,AT2G32530-AT2G325402-3+IR,365,91,674,0,one,0.249315068493151
AT3G13020-AT3G13030,1-2,3-4,+IR,0,6,0,9,0,8,19,35,12,51,13,94,IR,AT3G13020,AT3G13030,AT3G13020-AT3G130301-2+IR,23,0,180,44,one,0.244444444444444
AT4G27820-AT4G27830,2-3,2-3,+IR,33,87,3,67,33,132,0,287,0,263,0,439,IR,AT4G27820,AT4G27830,AT4G27820-AT4G278302-3+IR,286,69,989,0,one,0.241258741258741
AT1G30410-AT1G30420,6-7,4-5,+ALTD,4,28,5,26,19,63,0,8,0,7,0,13,ALTD,AT1G30410,AT1G30420,AT1G30410-AT1G304206-7+ALTD,117,28,28,0,one,0.239316239316239
AT1G30410-AT1G30420,16-17,14-15,+IR,21,51,6,47,15,79,0,21,0,9,0,22,IR,AT1G30410,AT1G30420,AT1G30410-AT1G3042016-17+IR,177,42,52,0,one,0.23728813559322
AT3G48780-AT3G48790,8-9,4-5,+IR,50,179,38,211,70,282,0,0,0,2,0,4,IR,AT3G48780,AT3G48790,AT3G48780-AT3G487908-9+IR,672,158,6,0,one,0.235119047619048
AT1G08890-AT1G08900,13-14,13-14,+IR,0,28,0,44,0,44,46,200,52,184,46,231,IR,AT1G08890,AT1G08900,AT1G08890-AT1G0890013-14+IR,116,0,615,144,one,0.234146341463415
AT3G45960-AT3G45970,2-3,2-3,+IR,0,0,0,3,0,1,11,83,79,205,11,146,IR,AT3G45960,AT3G45970,AT3G45960-AT3G459702-3+IR,4,0,434,101,one,0.232718894009217
AT4G21400-AT4G21410,4-5,5-6,-ALTA,17,35,5,28,9,72,0,59,0,52,0,79,ALTA,AT4G21400,AT4G21410,AT4G21400-AT4G214104-5-ALTA,135,31,190,0,one,0.22962962962963
AT1G63470-AT1G63480,1-2,1-2,+IR,20,43,7,59,23,116,0,25,0,18,0,48,IR,AT1G63470,AT1G63480,AT1G63470-AT1G634801-2+IR,218,50,91,0,one,0.229357798165138
AT3G23550-AT3G23560,1-2,1-2,+IR,10,34,6,41,6,22,0,29,0,37,0,55,IR,AT3G23550,AT3G23560,AT3G23550-AT3G235601-2+IR,97,22,121,0,one,0.22680412371134
AT1G31690-AT1G31710,3-4,3-4,+IR,15,44,7,43,24,119,0,16,0,33,0,39,IR,AT1G31690,AT1G31710,AT1G31690-AT1G317103-4+IR,206,46,88,0,one,0.223300970873786
AT4G08480-AT4G08500,6-7,6-7,-ALTA,14,76,18,61,20,98,0,112,0,103,0,153,ALTA,AT4G08480,AT4G08500,AT4G08480-AT4G085006-7-ALTA,235,52,368,0,one,0.221276595744681
AT1G27020-AT1G27030,3-4,3-4,+IR,0,4,0,10,0,7,16,47,11,43,15,100,IR,AT1G27020,AT1G27030,AT1G27020-AT1G270303-4+IR,21,0,190,42,one,0.221052631578947
AT4G11830-AT4G11840,8-9,7-8,-ALTD,32,190,43,177,74,309,0,90,0,84,0,114,ALTD,AT4G11830,AT4G11840,AT4G11830-AT4G118408-9-ALTD,676,149,288,0,one,0.220414201183432
AT5G51370-AT5G51380,1-2,1-2,+IR,7,39,7,49,25,91,0,7,0,14,0,11,IR,AT5G51370,AT5G51380,AT5G51370-AT5G513801-2+IR,179,39,32,0,one,0.217877094972067
AT1G31280-AT1G31290,1-2,1-2,-ALTA,2,24,7,23,10,41,0,0,0,1,0,3,ALTA,AT1G31280,AT1G31290,AT1G31280-AT1G312901-2-ALTA,88,19,4,0,one,0.215909090909091
AT3G23470-AT3G23480,12-13,12-13,+IR,0,7,0,4,0,14,27,195,61,216,72,341,IR,AT3G23470,AT3G23480,AT3G23470-AT3G2348012-13+IR,25,0,752,160,one,0.212765957446809
AT4G15215-AT4G15230,21-22,21-22,+IR,9,12,1,9,1,31,0,16,0,8,0,13,IR,AT4G15215,AT4G15230,AT4G15215-AT4G1523021-22+IR,52,11,37,0,one,0.211538461538462
AT2G32160-AT2G32170,12-13,13-14,+IR,95,305,56,297,67,443,0,174,0,195,0,281,IR,AT2G32160,AT2G32170,AT2G32160-AT2G3217012-13+IR,1045,218,650,0,one,0.208612440191388
AT4G00960-AT4G00970,5-6,6-7,+IR,0,11,0,8,0,25,34,131,44,179,37,243,IR,AT4G00960,AT4G00970,AT4G00960-AT4G009705-6+IR,44,0,553,115,one,0.207956600361664
AT3G03330-AT3G03350,6-7,6-7,+IR,0,140,0,195,0,273,6,32,5,32,13,54,IR,AT3G03330,AT3G03350,AT3G03330-AT3G033506-7+IR,608,0,118,24,one,0.203389830508475
AT4G10150-AT4G10160,2-3,2-3,+IR,18,55,7,42,11,81,0,2,0,2,0,4,IR,AT4G10150,AT4G10160,AT4G10150-AT4G101602-3+IR,178,36,8,0,one,0.202247191011236
AT1G29730-AT1G29740,20-21,21-22,+IR,1,17,2,4,4,14,0,4,0,0,0,1,IR,AT1G29730,AT1G29740,AT1G29730-AT1G2974020-21+IR,35,7,5,0,one,0.2
AT1G30410-AT1G30420,3-4,1-2,+IR,14,58,10,37,8,67,0,15,0,12,0,17,IR,AT1G30410,AT1G30420,AT1G30410-AT1G304203-4+IR,162,32,44,0,one,0.197530864197531
AT3G28070-AT3G28080,1-2,1-2,+IR,79,207,8,175,66,394,0,276,0,233,0,379,IR,AT3G28070,AT3G28080,AT3G28070-AT3G280801-2+IR,776,153,888,0,one,0.197164948453608
AT1G74280-AT1G74290,1-2,1-2,+IR,8,24,6,25,4,43,0,21,0,14,0,37,IR,AT1G74280,AT1G74290,AT1G74280-AT1G742901-2+IR,92,18,72,0,one,0.195652173913043
AT3G62740-AT3G62750,12-13,12-13,+IR,0,1,0,5,0,4,216,848,144,805,277,1612,IR,AT3G62740,AT3G62750,AT3G62740-AT3G6275012-13+IR,10,0,3265,637,one,0.19509954058193
AT5G46130-AT5G46140,1-2,1-2,+IR,0,0,0,1,0,4,2,8,2,6,1,13,IR,AT5G46130,AT5G46140,AT5G46130-AT5G461401-2+IR,5,0,27,5,one,0.185185185185185
AT1G29730-AT1G29740,23-24,24-25,+IR,4,6,1,13,4,30,0,0,0,5,0,5,IR,AT1G29730,AT1G29740,AT1G29730-AT1G2974023-24+IR,49,9,10,0,one,0.183673469387755
AT2G15400-AT2G15430,2-3,2-3,+IR,0,2,0,8,0,6,22,114,11,87,31,156,IR,AT2G15400,AT2G15430,AT2G15400-AT2G154302-3+IR,16,0,357,64,one,0.179271708683473
AT2G26740-AT2G26750,1-2,1-2,+IR,64,472,90,530,140,683,0,4,0,6,0,12,IR,AT2G26740,AT2G26750,AT2G26740-AT2G267501-2+IR,1685,294,22,0,one,0.174480712166172
AT5G41360-AT5G41370,6-7,6-7,+ALTD;+ALTA,0,73,0,59,0,107,36,206,31,164,34,225,ALTP,AT5G41360,AT5G41370,AT5G41360-AT5G413706-7+ALTD;+ALTA,239,0,595,101,one,0.169747899159664
AT2G04066-AT2G04080,2-3,5-6,+IR,0,3,0,3,0,4,8,121,30,113,33,187,IR,AT2G04066,AT2G04080,AT2G04066-AT2G040802-3+IR,10,0,421,71,one,0.168646080760095
AT1G24265-AT1G24267,6-7,4-5,+IR,4,39,4,19,7,33,0,218,0,163,0,344,IR,AT1G24265,AT1G24267,AT1G24265-AT1G242676-7+IR,91,15,725,0,one,0.164835164835165
AT4G23270-AT4G23280,2-3,2-3,+IR,23,162,31,231,58,294,0,0,0,1,0,1,IR,AT4G23270,AT4G23280,AT4G23270-AT4G232802-3+IR,687,112,2,0,one,0.163027656477438
AT4G30910-AT4G30920,6-7,6-7,+ALTA,20,85,10,83,20,140,0,776,0,751,0,1428,ALTA,AT4G30910,AT4G30920,AT4G30910-AT4G309206-7+ALTA,308,50,2955,0,one,0.162337662337662
AT4G00960-AT4G00970,4-5,5-6,+IR,0,3,0,5,0,14,32,126,18,124,23,200,IR,AT4G00960,AT4G00970,AT4G00960-AT4G009704-5+IR,22,0,450,73,one,0.162222222222222
AT5G04680-AT5G04700,1-2,1-2,+IR,4,21,1,18,6,30,0,1,0,5,0,7,IR,AT5G04680,AT5G04700,AT5G04680-AT5G047001-2+IR,69,11,13,0,one,0.159420289855072
AT1G30410-AT1G30420,18-19,16-17,+ALTA,4,33,11,31,5,62,0,9,0,14,0,31,ALTA,AT1G30410,AT1G30420,AT1G30410-AT1G3042018-19+ALTA,126,20,54,0,one,0.158730158730159
AT4G30910-AT4G30920,6-7,6-7,+IR,10,95,19,74,20,140,0,776,0,751,0,1428,IR,AT4G30910,AT4G30920,AT4G30910-AT4G309206-7+IR,309,49,2955,0,one,0.158576051779935
AT1G27360-AT1G27370,3-4,3-4,+IR,0,69,0,39,0,97,8,29,2,36,9,55,IR,AT1G27360,AT1G27370,AT1G27360-AT1G273703-4+IR,205,0,120,19,one,0.158333333333333
AT3G59320-AT3G59330,5-6,4-5,+ALTD,9,48,4,30,8,57,0,47,0,44,0,88,ALTD,AT3G59320,AT3G59330,AT3G59320-AT3G593305-6+ALTD,135,21,179,0,one,0.155555555555556
AT4G14713-AT4G14720,7-8,7-8,+IR,6,52,5,14,4,31,0,43,0,57,0,112,IR,AT4G14713,AT4G14720,AT4G14713-AT4G147207-8+IR,97,15,212,0,one,0.154639175257732
AT1G76520-AT1G76530,8-9,8-9,+IR,53,365,44,337,92,552,0,11,0,5,0,33,IR,AT1G76520,AT1G76530,AT1G76520-AT1G765308-9+IR,1254,189,49,0,one,0.150717703349282
AT5G18630-AT5G18640,3-4,3-4,+IR,56,379,61,429,103,658,0,144,0,219,0,256,IR,AT5G18630,AT5G18640,AT5G18630-AT5G186403-4+IR,1466,220,619,0,one,0.150068212824011
AT4G24340-AT4G24350,2-3,2-3,+IR,0,5,0,4,0,3,96,771,95,766,217,1246,IR,AT4G24340,AT4G24350,AT4G24340-AT4G243502-3+IR,12,0,2783,408,one,0.146604383758534
AT1G03400-AT1G03410,2-3,2-3,+IR,39,199,39,304,40,306,0,46,0,30,0,47,IR,AT1G03400,AT1G03410,AT1G03400-AT1G034102-3+IR,809,118,123,0,one,0.145859085290482
AT5G47480-AT5G47490,1-2,1-2,-ALTA,0,112,0,98,0,161,4,48,5,27,11,65,ALTA,AT5G47480,AT5G47490,AT5G47480-AT5G474901-2-ALTA,371,0,140,20,one,0.142857142857143
AT5G22770-AT5G22780,14-15,14-15,+IR,44,202,16,165,35,317,0,208,0,225,0,426,IR,AT5G22770,AT5G22780,AT5G22770-AT5G2278014-15+IR,684,95,859,0,one,0.138888888888889
AT1G56130-AT1G56140,21-22,21-22,+IR,0,6,0,3,0,12,5,22,6,41,3,40,IR,AT1G56130,AT1G56140,AT1G56130-AT1G5614021-22+IR,21,0,103,14,one,0.135922330097087
AT2G32160-AT2G32170,10-11,11-12,+IR,24,163,20,125,20,184,0,131,0,142,0,205,IR,AT2G32160,AT2G32170,AT2G32160-AT2G3217010-11+IR,472,64,478,0,one,0.135593220338983
AT2G20550-AT2G20560,2-3,2-3,+IR,4,34,4,18,4,38,0,12,0,16,0,59,IR,AT2G20550,AT2G20560,AT2G20550-AT2G205602-3+IR,90,12,87,0,one,0.133333333333333
AT3G03030-AT3G03040,1-2,2-3,-ALTA,0,14,0,25,0,45,32,128,9,123,20,211,ALTA,AT3G03030,AT3G03040,AT3G03030-AT3G030401-2-ALTA,84,0,462,61,one,0.132034632034632
AT3G28070-AT3G28080,3-4,3-4,-ALTA,68,600,39,329,113,755,0,454,0,335,0,608,ALTA,AT3G28070,AT3G28080,AT3G28070-AT3G280803-4-ALTA,1684,220,1397,0,one,0.130641330166271
AT3G14130-AT3G14150,6-7,6-7,+IR,0,28,0,32,0,40,26,157,22,134,29,304,IR,AT3G14130,AT3G14150,AT3G14130-AT3G141506-7+IR,100,0,595,77,one,0.129411764705882
AT3G57010-AT3G57020,1-2,1-2,-ALTA,0,6,0,4,0,7,44,366,42,301,80,618,ALTA,AT3G57010,AT3G57020,AT3G57010-AT3G570201-2-ALTA,17,0,1285,166,one,0.129182879377432
AT4G32960-AT4G32970,2-3,2-3,-ALTA,0,107,0,120,0,174,4,21,1,19,5,39,ALTA,AT4G32960,AT4G32970,AT4G32960-AT4G329702-3-ALTA,401,0,79,10,one,0.126582278481013
AT4G30910-AT4G30920,2-3,2-3,+IR,3,30,11,51,3,54,0,406,0,389,0,635,IR,AT4G30910,AT4G30920,AT4G30910-AT4G309202-3+IR,135,17,1430,0,one,0.125925925925926
AT1G53430-AT1G53440,6-7,6-7,+IR,0,159,0,147,0,181,10,55,4,56,9,74,IR,AT1G53430,AT1G53440,AT1G53430-AT1G534406-7+IR,487,0,185,23,one,0.124324324324324
AT5G23490-AT5G23510,15-16,5-6,+IR,0,70,0,51,0,75,6,99,9,83,21,108,IR,AT5G23490,AT5G23510,AT5G23490-AT5G2351015-16+IR,196,0,290,36,one,0.124137931034483
AT1G73450-AT1G73460,3-4,3-4,+IR,0,55,0,43,0,52,15,140,12,110,25,173,IR,AT1G73450,AT1G73460,AT1G73450-AT1G734603-4+IR,150,0,423,52,one,0.122931442080378
AT4G24340-AT4G24350,4-5,4-5,+IR,0,2,0,1,0,4,65,526,47,436,91,691,IR,AT4G24340,AT4G24350,AT4G24340-AT4G243504-5+IR,7,0,1653,203,one,0.12280701754386
AT3G17690-AT3G17700,6-7,7-8,+IR,0,7,0,1,0,5,9,70,13,91,14,134,IR,AT3G17690,AT3G17700,AT3G17690-AT3G177006-7+IR,13,0,295,36,one,0.122033898305085
AT3G59320-AT3G59330,2-3,1-2,+ALTA,0,55,0,29,0,61,7,113,14,69,13,97,ALTA,AT3G59320,AT3G59330,AT3G59320-AT3G593302-3+ALTA,145,0,279,34,one,0.121863799283154
AT1G67440-AT1G67460,2-3,2-3,-ALTA,0,246,0,313,0,494,5,21,1,12,2,33,ALTA,AT1G67440,AT1G67460,AT1G67440-AT1G674602-3-ALTA,1053,0,66,8,one,0.121212121212121
AT3G48780-AT3G48790,11-12,7-8,+IR,14,194,30,179,36,289,0,1,0,0,0,4,IR,AT3G48780,AT3G48790,AT3G48780-AT3G4879011-12+IR,662,80,5,0,one,0.120845921450151
AT3G17690-AT3G17700,5-6,6-7,+IR,0,2,0,0,0,2,13,93,10,83,13,127,IR,AT3G17690,AT3G17700,AT3G17690-AT3G177005-6+IR,4,0,303,36,one,0.118811881188119
AT4G21903-AT4G21910,1-2,1-2,-ALTA,0,0,0,2,0,1,13,66,9,63,7,122,ALTA,AT4G21903,AT4G21910,AT4G21903-AT4G219101-2-ALTA,3,0,251,29,one,0.115537848605578
AT5G25250-AT5G25260,1-2,1-2,+IR,14,113,11,135,22,159,0,9,0,27,0,35,IR,AT5G25250,AT5G25260,AT5G25250-AT5G252601-2+IR,407,47,71,0,one,0.115479115479115
AT5G56650-AT5G56660,1-2,1-2,+IR,0,203,0,234,0,387,13,46,6,104,13,128,IR,AT5G56650,AT5G56660,AT5G56650-AT5G566601-2+IR,824,0,278,32,one,0.115107913669065
AT5G05880-AT5G05890,1-2,1-2,+IR,0,1,0,2,0,4,15,64,7,138,16,130,IR,AT5G05880,AT5G05890,AT5G05880-AT5G058901-2+IR,7,0,332,38,one,0.114457831325301
AT1G48210-AT1G48220,6-7,5-6,+IR,12,36,1,41,4,72,0,2,0,0,0,0,IR,AT1G48210,AT1G48220,AT1G48210-AT1G482206-7+IR,149,17,2,0,one,0.114093959731544
AT5G54610-AT5G54620,1-2,1-2,+IR,20,101,5,84,5,78,0,0,0,1,0,3,IR,AT5G54610,AT5G54620,AT5G54610-AT5G546201-2+IR,263,30,4,0,one,0.114068441064639
AT1G11340-AT1G11410,4-5,3-4,+IR,0,2,0,9,0,26,23,185,8,159,36,247,IR,AT1G11340,AT1G11410,AT1G11340-AT1G114104-5+IR,37,0,591,67,one,0.11336717428088
AT4G13870-AT4G13885,5-6,6-7,+IR,8,39,4,38,5,73,0,3,0,2,0,6,IR,AT4G13870,AT4G13885,AT4G13870-AT4G138855-6+IR,150,17,11,0,one,0.113333333333333
AT5G25040-AT5G25050,1-2,1-2,+IR,8,100,17,114,23,211,0,31,0,46,0,58,IR,AT5G25040,AT5G25050,AT5G25040-AT5G250501-2+IR,425,48,135,0,one,0.112941176470588
AT1G14870-AT1G14880,1-2,1-2,+IR,16,90,7,87,11,127,0,172,0,101,0,214,IR,AT1G14870,AT1G14880,AT1G14870-AT1G148801-2+IR,304,34,487,0,one,0.111842105263158
AT3G57460-AT3G57470,7-8,17-18,-ALTA,0,6,0,4,0,20,18,126,12,116,23,232,ALTA,AT3G57460,AT3G57470,AT3G57460-AT3G574707-8-ALTA,30,0,474,53,one,0.111814345991561
AT4G11830-AT4G11840,6-7,5-6,-ALTA,14,161,17,139,28,229,0,78,0,75,0,90,ALTA,AT4G11830,AT4G11840,AT4G11830-AT4G118406-7-ALTA,529,59,243,0,one,0.111531190926276
AT4G25515-AT4G25520,2-3,3-4,+IR,0,17,0,24,0,40,2,68,6,75,17,84,IR,AT4G25515,AT4G25520,AT4G25515-AT4G255202-3+IR,81,0,227,25,one,0.110132158590308
AT4G11830-AT4G11840,2-3,1-2,-ALTD,12,214,29,167,40,361,0,34,0,21,0,37,ALTD,AT4G11830,AT4G11840,AT4G11830-AT4G118402-3-ALTD,742,81,92,0,one,0.109164420485175
AT5G41360-AT5G41370,6-7,6-7,+ALTD,0,73,0,59,0,107,24,218,11,184,33,226,ALTD,AT5G41360,AT5G41370,AT5G41360-AT5G413706-7+ALTD,239,0,628,68,one,0.10828025477707
AT3G13290-AT3G13300,4-5,4-5,+IR,0,61,0,46,0,89,25,151,23,185,30,387,IR,AT3G13290,AT3G13300,AT3G13290-AT3G133004-5+IR,196,0,723,78,one,0.107883817427386
AT1G56130-AT1G56140,9-10,9-10,+IR,0,5,0,2,0,3,3,18,4,20,1,37,IR,AT1G56130,AT1G56140,AT1G56130-AT1G561409-10+IR,10,0,75,8,one,0.106666666666667
AT4G27290-AT4G27300,3-4,4-5,+IR,0,2,0,2,0,3,13,135,13,101,13,132,IR,AT4G27290,AT4G27300,AT4G27290-AT4G273003-4+IR,7,0,368,39,one,0.105978260869565
AT3G62740-AT3G62750,11-12,11-12,+IR,0,7,0,2,0,5,125,1007,80,963,180,1738,IR,AT3G62740,AT3G62750,AT3G62740-AT3G6275011-12+IR,14,0,3708,385,one,0.103829557713053
AT5G41360-AT5G41370,6-7,6-7,+ALTA,0,73,0,59,0,107,24,218,12,183,28,231,ALTA,AT5G41360,AT5G41370,AT5G41360-AT5G413706-7+ALTA,239,0,632,64,one,0.10126582278481
AT4G27820-AT4G27830,4-5,4-5,+IR,29,233,7,151,36,329,0,216,0,147,0,276,IR,AT4G27820,AT4G27830,AT4G27820-AT4G278304-5+IR,713,72,639,0,one,0.100981767180926
AT1G08890-AT1G08900,15-16,15-16,+IR,0,22,0,67,0,53,6,105,20,130,16,182,IR,AT1G08890,AT1G08900,AT1G08890-AT1G0890015-16+IR,142,0,417,42,one,0.100719424460432
AT1G29550-AT1G29590,4-5,4-5,+IR,8,55,4,79,13,116,0,20,0,23,0,45,IR,AT1G29550,AT1G29590,AT1G29550-AT1G295904-5+IR,250,25,88,0,one,0.1
AT1G34040-AT1G34060,3-4,3-4,+IR,0,0,0,1,0,1,3,16,4,45,2,29,IR,AT1G34040,AT1G34060,AT1G34040-AT1G340603-4+IR,2,0,90,9,one,0.1
AT1G11340-AT1G11410,5-6,4-5,-ALTA,0,11,0,13,0,26,24,198,8,193,38,311,ALTA,AT1G11340,AT1G11410,AT1G11340-AT1G114105-6-ALTA,50,0,702,70,one,0.0997150997150997
AT1G51760-AT1G51780,1-2,1-2,+IR,12,256,71,501,34,420,0,7,0,1,0,1,IR,AT1G51760,AT1G51780,AT1G51760-AT1G517801-2+IR,1177,117,9,0,one,0.0994052676295667
AT3G05160-AT3G05165,1-2,2-3,+IR,5,148,20,122,21,194,0,338,0,284,0,521,IR,AT3G05160,AT3G05165,AT3G05160-AT3G051651-2+IR,464,46,1143,0,one,0.0991379310344828
AT1G75880-AT1G75890,2-3,2-3,+IR,3,38,1,28,9,66,0,3,0,3,0,3,IR,AT1G75880,AT1G75890,AT1G75880-AT1G758902-3+IR,132,13,9,0,one,0.0984848484848485
AT4G21903-AT4G21910,1-2,1-2,+IR,0,0,0,2,0,1,8,71,7,65,10,119,IR,AT4G21903,AT4G21910,AT4G21903-AT4G219101-2+IR,3,0,255,25,one,0.0980392156862745
AT5G12950-AT5G12960,11-12,11-12,+IR,53,450,45,664,91,821,0,35,0,58,0,82,IR,AT5G12950,AT5G12960,AT5G12950-AT5G1296011-12+IR,1935,189,175,0,one,0.0976744186046512
AT3G57460-AT3G57470,4-5,12-13,-ALTA,0,12,0,5,0,12,21,160,14,140,13,200,ALTA,AT3G57460,AT3G57470,AT3G57460-AT3G574704-5-ALTA,29,0,500,48,one,0.096
AT5G41360-AT5G41370,9-10,9-10,+IR,0,45,0,57,0,98,15,143,9,119,17,178,IR,AT5G41360,AT5G41370,AT5G41360-AT5G413709-10+IR,200,0,440,41,one,0.0931818181818182
AT1G76520-AT1G76530,2-3,2-3,+IR,42,292,19,282,38,495,0,15,0,10,0,20,IR,AT1G76520,AT1G76530,AT1G76520-AT1G765302-3+IR,1069,99,45,0,one,0.0926099158091674
AT4G34640-AT4G34650,5-6,5-6,+IR,46,378,32,355,53,705,0,52,0,71,0,97,IR,AT4G34640,AT4G34650,AT4G34640-AT4G346505-6+IR,1438,131,220,0,one,0.0910987482614743
AT4G24340-AT4G24350,2-3,2-3,+ALTA,0,5,0,4,0,3,73,794,86,775,105,1358,ALTA,AT4G24340,AT4G24350,AT4G24340-AT4G243502-3+ALTA,12,0,2927,264,one,0.090194738640246
AT4G10570-AT4G10590,3-4,3-4,+IR,5,68,2,30,7,58,0,78,0,64,0,84,IR,AT4G10570,AT4G10590,AT4G10570-AT4G105903-4+IR,156,14,226,0,one,0.0897435897435897
AT3G61990-AT3G62000,6-7,6-7,+IR,3,41,3,38,7,66,0,130,0,107,0,210,IR,AT3G61990,AT3G62000,AT3G61990-AT3G620006-7+IR,145,13,447,0,one,0.0896551724137931
AT3G03330-AT3G03350,6-7,6-7,+ALTD,13,127,13,182,24,249,0,38,0,37,0,67,ALTD,AT3G03330,AT3G03350,AT3G03330-AT3G033506-7+ALTD,558,50,142,0,one,0.0896057347670251
AT2G44290-AT2G44300,1-2,1-2,+IR,12,349,7,156,60,379,0,46,0,26,0,99,IR,AT2G44290,AT2G44300,AT2G44290-AT2G443001-2+IR,884,79,171,0,one,0.0893665158371041
AT1G22970-AT1G22980,3-4,3-4,+IR,11,87,3,46,10,136,0,0,0,0,0,3,IR,AT1G22970,AT1G22980,AT1G22970-AT1G229803-4+IR,269,24,3,0,one,0.0892193308550186
AT2G46440-AT2G46450,1-2,1-2,+IR,17,92,3,87,6,115,0,242,0,134,0,443,IR,AT2G46440,AT2G46450,AT2G46440-AT2G464501-2+IR,294,26,819,0,one,0.0884353741496599
AT5G27350-AT5G27360,1-2,1-2,+IR,0,566,0,759,0,1047,23,122,11,151,19,333,IR,AT5G27350,AT5G27360,AT5G27350-AT5G273601-2+IR,2372,0,606,53,one,0.0874587458745875
AT1G47550-AT1G47560,1-2,1-2,+IR,21,195,27,285,35,472,0,4,0,4,0,11,IR,AT1G47550,AT1G47560,AT1G47550-AT1G475601-2+IR,952,83,19,0,one,0.0871848739495798
AT1G30410-AT1G30420,21-22,19-20,+IR,14,134,5,82,14,167,0,21,0,22,0,36,IR,AT1G30410,AT1G30420,AT1G30410-AT1G3042021-22+IR,383,33,79,0,one,0.0861618798955614
AT1G27110-AT1G27150,2-3,1-2,+IR,0,2,0,3,0,9,10,88,18,156,10,199,IR,AT1G27110,AT1G27150,AT1G27110-AT1G271502-3+IR,14,0,443,38,one,0.0857787810383747
AT2G29100-AT2G29110,4-5,4-5,+IR,0,1,0,1,0,1,3,11,2,38,1,21,IR,AT2G29100,AT2G29110,AT2G29100-AT2G291104-5+IR,3,0,70,6,one,0.0857142857142857
AT2G32160-AT2G32170,13-14,14-15,-ALTA,31,297,20,284,30,380,0,236,0,259,0,337,ALTA,AT2G32160,AT2G32170,AT2G32160-AT2G3217013-14-ALTA,961,81,832,0,one,0.0842872008324662
AT4G00960-AT4G00970,3-4,4-5,+IR,0,2,0,2,0,13,9,140,10,124,18,175,IR,AT4G00960,AT4G00970,AT4G00960-AT4G009703-4+IR,17,0,439,37,one,0.0842824601366743
AT3G57010-AT3G57020,1-2,1-2,+IR,0,6,0,4,0,7,30,380,10,333,72,626,IR,AT3G57010,AT3G57020,AT3G57010-AT3G570201-2+IR,17,0,1339,112,one,0.0836445108289769
AT2G29480-AT2G29490,1-2,1-2,+IR,0,0,0,3,0,1,4,61,1,50,14,117,IR,AT2G29480,AT2G29490,AT2G29480-AT2G294901-2+IR,4,0,228,19,one,0.0833333333333333
AT5G41120-AT5G41130,8-9,8-9,+ALTD,0,19,0,19,0,28,4,20,1,25,2,40,ALTD,AT5G41120,AT5G41130,AT5G41120-AT5G411308-9+ALTD,66,0,85,7,one,0.0823529411764706
AT1G08890-AT1G08900,1-2,1-2,+IR,0,19,0,53,0,62,27,244,17,250,34,456,IR,AT1G08890,AT1G08900,AT1G08890-AT1G089001-2+IR,134,0,950,78,one,0.0821052631578947
AT1G27940-AT1G28010,8-9,8-9,+IR,0,13,0,3,0,16,2,28,2,19,3,39,IR,AT1G27940,AT1G28010,AT1G27940-AT1G280108-9+IR,32,0,86,7,one,0.0813953488372093
AT2G30140-AT2G30150,1-2,1-2,-ALTA,3,71,6,81,15,144,0,205,0,181,0,376,ALTA,AT2G30140,AT2G30150,AT2G30140-AT2G301501-2-ALTA,296,24,762,0,one,0.0810810810810811
AT1G23950-AT1G23970,3-4,3-4,-ALTA,7,129,10,104,16,183,0,50,0,74,0,109,ALTA,AT1G23950,AT1G23970,AT1G23950-AT1G239703-4-ALTA,416,33,233,0,one,0.0793269230769231
AT2G45560-AT2G45570,2-3,2-3,+IR,63,680,11,791,129,1133,0,2,0,9,0,0,IR,AT2G45560,AT2G45570,AT2G45560-AT2G455702-3+IR,2604,203,11,0,one,0.0779569892473118
AT1G27170-AT1G27180,2-3,3-4,+IR,0,13,0,9,0,15,1,27,4,23,2,40,IR,AT1G27170,AT1G27180,AT1G27170-AT1G271802-3+IR,37,0,90,7,one,0.0777777777777778
AT3G26070-AT3G26080,5-6,5-6,+IR,0,1461,0,1387,0,2277,26,162,3,125,10,221,IR,AT3G26070,AT3G26080,AT3G26070-AT3G260805-6+IR,5125,0,508,39,one,0.0767716535433071
AT4G37520-AT4G37530,3-4,3-4,+IR,0,147,0,170,0,169,2,52,2,44,8,62,IR,AT4G37520,AT4G37530,AT4G37520-AT4G375303-4+IR,486,0,158,12,one,0.0759493670886076
AT3G03330-AT3G03350,6-7,6-7,-ALTD,0,140,0,195,0,273,2,36,3,34,5,62,ALTD,AT3G03330,AT3G03350,AT3G03330-AT3G033506-7-ALTD,608,0,132,10,one,0.0757575757575758
AT3G59320-AT3G59330,2-3,1-2,+ALTD,0,55,0,29,0,61,9,111,9,74,4,106,ALTD,AT3G59320,AT3G59330,AT3G59320-AT3G593302-3+ALTD,145,0,291,22,one,0.0756013745704467
AT3G57460-AT3G57470,7-8,17-18,+IR,0,6,0,4,0,20,7,137,11,117,19,236,IR,AT3G57460,AT3G57470,AT3G57460-AT3G574707-8+IR,30,0,490,37,one,0.0755102040816327
AT2G29100-AT2G29110,3-4,3-4,+IR,0,3,0,1,0,0,2,16,1,21,1,16,IR,AT2G29100,AT2G29110,AT2G29100-AT2G291103-4+IR,4,0,53,4,one,0.0754716981132075
AT3G23550-AT3G23560,2-3,2-3,+IR,4,49,4,70,3,27,0,10,0,26,0,46,IR,AT3G23550,AT3G23560,AT3G23550-AT3G235602-3+IR,146,11,82,0,one,0.0753424657534247
AT1G29550-AT1G29590,2-3,2-3,+IR,0,91,0,98,0,162,4,29,2,32,4,73,IR,AT1G29550,AT1G29590,AT1G29550-AT1G295902-3+IR,351,0,134,10,one,0.0746268656716418
AT4G23270-AT4G23280,6-7,6-7,+IR,21,213,11,240,23,291,0,0,0,1,0,3,IR,AT4G23270,AT4G23280,AT4G23270-AT4G232806-7+IR,744,55,4,0,one,0.0739247311827957
AT2G02380-AT2G02390,3-4,3-4,+IR,0,3,0,1,0,3,21,190,18,225,16,330,IR,AT2G02380,AT2G02390,AT2G02380-AT2G023903-4+IR,7,0,745,55,one,0.0738255033557047
AT5G23490-AT5G23510,17-18,7-8,+IR,0,74,0,74,0,117,4,131,10,118,16,159,IR,AT5G23490,AT5G23510,AT5G23490-AT5G2351017-18+IR,265,0,408,30,one,0.0735294117647059
AT5G47480-AT5G47490,1-2,1-2,+IR,11,101,5,93,9,152,0,52,0,32,0,76,IR,AT5G47480,AT5G47490,AT5G47480-AT5G474901-2+IR,346,25,160,0,one,0.0722543352601156
AT1G56510-AT1G56520,1-2,1-2,+ALTD,0,192,0,207,0,242,5,86,6,100,12,137,ALTD,AT1G56510,AT1G56520,AT1G56510-AT1G565201-2+ALTD,641,0,323,23,one,0.0712074303405573
AT1G08890-AT1G08900,5-6,5-6,-ALTA,0,24,0,42,0,33,16,230,22,257,22,363,ALTA,AT1G08890,AT1G08900,AT1G08890-AT1G089005-6-ALTA,99,0,850,60,one,0.0705882352941176
AT4G37980-AT4G37990,3-4,3-4,+IR,73,983,53,1043,151,1913,0,8,0,13,0,0,IR,AT4G37980,AT4G37990,AT4G37980-AT4G379903-4+IR,3939,277,21,0,one,0.0703224168570703
AT1G47550-AT1G47560,17-18,17-18,+IR,18,201,14,221,22,349,0,3,0,4,0,11,IR,AT1G47550,AT1G47560,AT1G47550-AT1G4756017-18+IR,771,54,18,0,one,0.0700389105058366
AT4G08480-AT4G08500,4-5,4-5,+IR,4,58,6,47,3,84,0,81,0,84,0,141,IR,AT4G08480,AT4G08500,AT4G08480-AT4G085004-5+IR,189,13,306,0,one,0.0687830687830688
AT1G73450-AT1G73460,5-6,5-6,+IR,1,48,3,24,5,59,0,122,0,91,0,141,IR,AT1G73450,AT1G73460,AT1G73450-AT1G734605-6+IR,131,9,354,0,one,0.0687022900763359
AT1G14870-AT1G14880,2-3,2-3,+IR,8,165,11,193,20,215,0,219,0,142,0,244,IR,AT1G14870,AT1G14880,AT1G14870-AT1G148802-3+IR,573,39,605,0,one,0.0680628272251309
AT1G08890-AT1G08900,14-15,14-15,+IR,0,37,0,72,0,59,10,287,24,301,29,348,IR,AT1G08890,AT1G08900,AT1G08890-AT1G0890014-15+IR,168,0,936,63,one,0.0673076923076923
AT5G21222-AT5G21326,9-10,9-10,-ALTA,28,304,22,456,54,789,0,582,0,627,0,950,ALTA,AT5G21222,AT5G21326,AT5G21222-AT5G213269-10-ALTA,1549,104,2159,0,one,0.0671400903808909
AT2G02380-AT2G02390,9-10,9-10,+IR,0,7,0,3,0,6,9,224,22,226,19,296,IR,AT2G02380,AT2G02390,AT2G02380-AT2G023909-10+IR,16,0,746,50,one,0.0670241286863271
AT1G75030-AT1G75050,1-2,1-2,+IR,7,96,2,75,12,147,0,0,0,0,0,1,IR,AT1G75030,AT1G75050,AT1G75030-AT1G750501-2+IR,318,21,1,0,one,0.0660377358490566
AT4G33110-AT4G33120,2-3,2-3,+IR,21,665,18,484,103,1046,0,14,0,17,0,30,IR,AT4G33110,AT4G33120,AT4G33110-AT4G331202-3+IR,2195,142,61,0,one,0.0646924829157175
AT5G47480-AT5G47490,9-10,10-11,-ALTD,0,262,0,172,0,345,3,66,2,39,8,98,ALTD,AT5G47480,AT5G47490,AT5G47480-AT5G474909-10-ALTD,779,0,203,13,one,0.0640394088669951
AT4G04750-AT4G04760,17-18,16-17,+IR,10,99,6,95,9,197,0,13,0,14,0,11,IR,AT4G04750,AT4G04760,AT4G04750-AT4G0476017-18+IR,391,25,38,0,one,0.0639386189258312
AT3G61990-AT3G62000,5-6,5-6,-ALTA,3,44,3,34,2,51,0,135,0,116,0,233,ALTA,AT3G61990,AT3G62000,AT3G61990-AT3G620005-6-ALTA,129,8,484,0,one,0.062015503875969
AT5G19460-AT5G19470,2-3,2-3,+IR,9,170,11,171,17,256,0,0,0,4,0,4,IR,AT5G19460,AT5G19470,AT5G19460-AT5G194702-3+IR,597,37,8,0,one,0.0619765494137353
AT1G22550-AT1G22570,2-3,2-3,+IR,1,26,2,31,3,40,0,88,0,76,0,85,IR,AT1G22550,AT1G22570,AT1G22550-AT1G225702-3+IR,97,6,249,0,one,0.0618556701030928
AT5G28020-AT5G28030,7-8,8-9,+ALTD,30,515,22,427,50,719,0,179,0,84,0,234,ALTD,AT5G28020,AT5G28030,AT5G28020-AT5G280307-8+ALTD,1661,102,497,0,one,0.0614087898856111
AT5G28020-AT5G28030,1-2,2-3,+IR,0,1105,0,1130,0,1961,15,181,2,114,18,277,IR,AT5G28020,AT5G28030,AT5G28020-AT5G280301-2+IR,4196,0,572,35,one,0.0611888111888112
AT3G24870-AT3G24880,21-22,22-23,-ALTA,0,61,0,43,0,90,2,65,4,42,6,90,ALTA,AT3G24870,AT3G24880,AT3G24870-AT3G2488021-22-ALTA,194,0,197,12,one,0.0609137055837563
AT4G04695-AT4G04700,3-4,3-4,+IR,5,72,3,40,4,87,0,33,0,31,0,71,IR,AT4G04695,AT4G04700,AT4G04695-AT4G047003-4+IR,199,12,135,0,one,0.0603015075376884
AT5G47480-AT5G47490,9-10,10-11,-ALTA,17,245,9,163,18,327,0,69,0,41,0,106,ALTA,AT5G47480,AT5G47490,AT5G47480-AT5G474909-10-ALTA,735,44,216,0,one,0.0598639455782313
AT3G62740-AT3G62750,8-9,8-9,-ALTA,0,2,0,4,0,3,45,1021,47,917,112,1564,ALTA,AT3G62740,AT3G62750,AT3G62740-AT3G627508-9-ALTA,9,0,3502,204,one,0.058252427184466
AT3G59320-AT3G59330,2-3,1-2,-ALTA;+ALTD,0,55,0,29,0,61,3,117,7,76,7,103,ALTP,AT3G59320,AT3G59330,AT3G59320-AT3G593302-3-ALTA;+ALTD,145,0,296,17,one,0.0574324324324324
AT5G41360-AT5G41370,9-10,9-10,+ALTD,0,45,0,57,0,98,2,156,11,117,13,182,ALTD,AT5G41360,AT5G41370,AT5G41360-AT5G413709-10+ALTD,200,0,455,26,one,0.0571428571428571
AT1G31690-AT1G31710,4-5,4-5,+IR,4,24,1,27,3,89,0,16,0,17,0,41,IR,AT1G31690,AT1G31710,AT1G31690-AT1G317104-5+IR,140,8,74,0,one,0.0571428571428571
AT1G09480-AT1G09490,3-4,2-3,+IR,0,4,0,2,0,7,38,340,14,423,23,561,IR,AT1G09480,AT1G09490,AT1G09480-AT1G094903-4+IR,13,0,1324,75,one,0.0566465256797583
AT1G34040-AT1G34060,1-2,1-2,+IR,0,1,0,0,0,1,1,11,1,32,2,28,IR,AT1G34040,AT1G34060,AT1G34040-AT1G340601-2+IR,2,0,71,4,one,0.0563380281690141
AT2G20120-AT2G20130,4-5,4-5,+IR,0,216,0,286,0,406,9,95,1,117,11,161,IR,AT2G20120,AT2G20130,AT2G20120-AT2G201304-5+IR,908,0,373,21,one,0.0563002680965147
AT1G24265-AT1G24267,8-9,6-7,+IR,1,32,1,25,4,50,0,226,0,170,0,348,IR,AT1G24265,AT1G24267,AT1G24265-AT1G242678-9+IR,107,6,744,0,one,0.0560747663551402
AT3G62740-AT3G62750,3-4,3-4,+IR,0,9,0,1,0,6,44,1175,56,942,120,1811,IR,AT3G62740,AT3G62750,AT3G62740-AT3G627503-4+IR,16,0,3928,220,one,0.0560081466395112
AT5G12950-AT5G12960,3-4,3-4,+IR,15,338,35,610,49,823,0,11,0,13,0,24,IR,AT5G12950,AT5G12960,AT5G12950-AT5G129603-4+IR,1771,99,48,0,one,0.0559006211180124
AT2G32530-AT2G32540,4-5,4-5,+IR,7,105,3,71,8,147,0,212,0,156,0,264,IR,AT2G32530,AT2G32540,AT2G32530-AT2G325404-5+IR,323,18,632,0,one,0.0557275541795666
AT1G53430-AT1G53440,18-19,18-19,+IR,26,225,10,249,10,353,0,107,0,123,0,156,IR,AT1G53430,AT1G53440,AT1G53430-AT1G5344018-19+IR,827,46,386,0,one,0.0556227327690447
AT4G31480-AT4G31490,5-6,5-6,-ALTA,18,364,12,310,35,515,0,400,0,350,0,670,ALTA,AT4G31480,AT4G31490,AT4G31480-AT4G314905-6-ALTA,1189,65,1420,0,one,0.0546677880571909
AT2G32160-AT2G32170,13-14,14-15,+IR,21,307,21,283,12,398,0,236,0,259,0,337,IR,AT2G32160,AT2G32170,AT2G32160-AT2G3217013-14+IR,988,54,832,0,one,0.0546558704453441
AT1G27940-AT1G28010,2-3,2-3,+IR,0,10,0,4,0,14,1,16,1,33,3,43,IR,AT1G27940,AT1G28010,AT1G27940-AT1G280102-3+IR,28,0,92,5,one,0.0543478260869565
AT5G55300-AT5G55310,5-6,5-6,+IR,0,246,0,315,0,476,4,212,9,180,25,309,IR,AT5G55300,AT5G55310,AT5G55300-AT5G553105-6+IR,1037,0,701,38,one,0.0542082738944365
AT5G22770-AT5G22780,22-23,22-23,-ALTD,18,226,13,151,3,259,0,196,0,130,0,266,ALTD,AT5G22770,AT5G22780,AT5G22770-AT5G2278022-23-ALTD,636,34,592,0,one,0.0534591194968553
AT1G63470-AT1G63480,3-4,3-4,+IR,1,47,1,41,8,100,0,20,0,19,0,49,IR,AT1G63470,AT1G63480,AT1G63470-AT1G634803-4+IR,188,10,88,0,one,0.0531914893617021
AT5G12950-AT5G12960,5-6,5-6,+IR,15,320,23,558,46,706,0,0,0,1,0,6,IR,AT5G12950,AT5G12960,AT5G12950-AT5G129605-6+IR,1584,84,7,0,one,0.053030303030303
AT1G53430-AT1G53440,19-20,19-20,+IR,17,189,6,217,15,322,0,64,0,105,0,167,IR,AT1G53430,AT1G53440,AT1G53430-AT1G5344019-20+IR,728,38,336,0,one,0.0521978021978022
AT4G08480-AT4G08500,4-5,4-5,+ALTA,1,61,2,51,7,80,0,81,0,84,0,141,ALTA,AT4G08480,AT4G08500,AT4G08480-AT4G085004-5+ALTA,192,10,306,0,one,0.0520833333333333
AT5G15960-AT5G15970,1-2,1-2,+IR,0,4,0,33,0,19,64,1023,90,2283,164,2826,IR,AT5G15960,AT5G15970,AT5G15960-AT5G159701-2+IR,56,0,6132,318,one,0.0518590998043053
AT2G32160-AT2G32170,8-9,9-10,+IR,21,263,11,250,12,344,0,122,0,126,0,213,IR,AT2G32160,AT2G32170,AT2G32160-AT2G321708-9+IR,857,44,461,0,one,0.0513418903150525
AT1G56130-AT1G56140,3-4,3-4,+IR,0,6,0,5,0,10,2,32,1,26,1,20,IR,AT1G56130,AT1G56140,AT1G56130-AT1G561403-4+IR,21,0,78,4,one,0.0512820512820513
AT1G29550-AT1G29590,3-4,3-4,+IR,9,85,2,92,6,156,0,30,0,28,0,65,IR,AT1G29550,AT1G29590,AT1G29550-AT1G295903-4+IR,333,17,123,0,one,0.0510510510510511
AT2G15400-AT2G15430,1-2,1-2,+IR,0,8,0,2,0,5,8,105,1,90,10,179,IR,AT2G15400,AT2G15430,AT2G15400-AT2G154301-2+IR,15,0,374,19,one,0.0508021390374332
AT4G30910-AT4G30920,9-10,9-10,+IR,5,105,6,96,6,137,0,499,0,373,0,747,IR,AT4G30910,AT4G30920,AT4G30910-AT4G309209-10+IR,338,17,1619,0,one,0.0502958579881657
AT3G17690-AT3G17700,9-10,10-11,+IR,0,1,0,4,0,9,8,100,7,142,7,198,IR,AT3G17690,AT3G17700,AT3G17690-AT3G177009-10+IR,14,0,440,22,one,0.05
AT4G14713-AT4G14720,7-8,7-8,-ALTA,0,58,0,19,0,35,1,42,4,53,5,107,ALTA,AT4G14713,AT4G14720,AT4G14713-AT4G147207-8-ALTA,112,0,202,10,one,0.0495049504950495
AT1G22550-AT1G22570,1-2,1-2,+IR,0,11,0,23,0,30,2,51,4,48,3,83,IR,AT1G22550,AT1G22570,AT1G22550-AT1G225701-2+IR,64,0,182,9,one,0.0494505494505494
AT5G15960-AT5G15970,2-3,2-3,+IR,0,4,0,26,0,16,56,879,84,2118,141,2727,IR,AT5G15960,AT5G15970,AT5G15960-AT5G159702-3+IR,46,0,5724,281,one,0.0490915443745632
AT4G34640-AT4G34650,1-2,1-2,+IR,14,231,9,261,25,499,0,46,0,74,0,105,IR,AT4G34640,AT4G34650,AT4G34640-AT4G346501-2+IR,991,48,225,0,one,0.0484359233097881
AT1G76520-AT1G76530,5-6,5-6,+ALTA,9,279,12,233,18,303,0,18,0,4,0,16,ALTA,AT1G76520,AT1G76530,AT1G76520-AT1G765305-6+ALTA,815,39,38,0,one,0.0478527607361963
AT4G23420-AT4G23430,3-4,1-2,+IR,0,4,0,1,0,14,16,379,10,331,39,657,IR,AT4G23420,AT4G23430,AT4G23420-AT4G234303-4+IR,19,0,1367,65,one,0.0475493782004389
AT1G53430-AT1G53440,4-5,4-5,+IR,6,98,5,81,5,158,0,50,0,54,0,84,IR,AT1G53430,AT1G53440,AT1G53430-AT1G534404-5+IR,337,16,188,0,one,0.0474777448071217
AT1G08890-AT1G08900,2-3,2-3,+IR,0,31,0,53,0,59,6,206,24,295,13,411,IR,AT1G08890,AT1G08900,AT1G08890-AT1G089002-3+IR,143,0,912,43,one,0.0471491228070175
AT3G59320-AT3G59330,5-6,4-5,+IR,0,57,0,34,0,65,1,46,1,43,6,82,IR,AT3G59320,AT3G59330,AT3G59320-AT3G593305-6+IR,156,0,171,8,one,0.0467836257309941
AT2G20120-AT2G20130,1-2,1-2,+IR,0,183,0,251,0,320,3,59,4,89,6,130,IR,AT2G20120,AT2G20130,AT2G20120-AT2G201301-2+IR,754,0,278,13,one,0.0467625899280576
AT5G21222-AT5G21326,4-5,4-5,+IR,12,346,18,367,34,661,0,711,0,721,0,1122,IR,AT5G21222,AT5G21326,AT5G21222-AT5G213264-5+IR,1374,64,2554,0,one,0.0465793304221252
AT1G24265-AT1G24267,8-9,6-7,+ALTA,2,31,1,25,2,52,0,226,0,170,0,348,ALTA,AT1G24265,AT1G24267,AT1G24265-AT1G242678-9+ALTA,108,5,744,0,one,0.0462962962962963
AT4G23420-AT4G23430,5-6,3-4,+IR,0,18,0,11,0,20,20,440,25,376,27,740,IR,AT4G23420,AT4G23430,AT4G23420-AT4G234305-6+IR,49,0,1556,72,one,0.0462724935732648
AT4G32960-AT4G32970,1-2,1-2,+IR,3,92,6,96,7,159,0,22,0,20,0,49,IR,AT4G32960,AT4G32970,AT4G32960-AT4G329701-2+IR,347,16,91,0,one,0.0461095100864553
AT4G04695-AT4G04700,4-5,4-5,+IR,0,82,0,35,0,83,1,30,1,30,3,49,IR,AT4G04695,AT4G04700,AT4G04695-AT4G047004-5+IR,200,0,109,5,one,0.0458715596330275
AT5G19460-AT5G19470,1-2,1-2,+IR,3,184,19,207,11,334,0,1,0,5,0,5,IR,AT5G19460,AT5G19470,AT5G19460-AT5G194701-2+IR,725,33,11,0,one,0.0455172413793103
AT4G04750-AT4G04760,3-4,2-3,+IR,3,120,3,104,15,245,0,0,0,1,0,6,IR,AT4G04750,AT4G04760,AT4G04750-AT4G047603-4+IR,469,21,7,0,one,0.0447761194029851
AT1G23950-AT1G23970,5-6,5-6,+IR,11,269,14,216,18,478,0,88,0,79,0,138,IR,AT1G23950,AT1G23970,AT1G23950-AT1G239705-6+IR,963,43,305,0,one,0.0446521287642783
AT5G23490-AT5G23510,18-19,8-9,+IR,0,64,0,69,0,95,3,92,3,92,9,153,IR,AT5G23490,AT5G23510,AT5G23490-AT5G2351018-19+IR,228,0,337,15,one,0.0445103857566766
AT1G07470-AT1G07480,9-10,9-10,+IR,0,132,0,204,0,308,11,185,9,213,14,366,IR,AT1G07470,AT1G07480,AT1G07470-AT1G074809-10+IR,644,0,764,34,one,0.0445026178010471
AT3G59320-AT3G59330,4-5,3-4,+IR,1,53,2,30,3,52,0,31,0,37,0,88,IR,AT3G59320,AT3G59330,AT3G59320-AT3G593304-5+IR,135,6,156,0,one,0.0444444444444444
AT1G14240-AT1G14250,3-4,3-4,+IR,0,5,0,0,0,2,6,229,6,338,38,567,IR,AT1G14240,AT1G14250,AT1G14240-AT1G142503-4+IR,7,0,1134,50,one,0.0440917107583774
AT1G08000-AT1G08010,2-3,2-3,+IR,0,69,0,51,0,107,5,102,4,80,5,140,IR,AT1G08000,AT1G08010,AT1G08000-AT1G080102-3+IR,227,0,322,14,one,0.0434782608695652
AT1G36160-AT1G36180,28-29,28-29,-ALTD;+ALTA,12,261,8,262,25,521,0,29,0,32,0,51,ALTP,AT1G36160,AT1G36180,AT1G36160-AT1G3618028-29-ALTD;+ALTA,1044,45,112,0,one,0.0431034482758621
AT1G30410-AT1G30420,18-19,16-17,+IR,1,36,2,40,3,64,0,9,0,14,0,31,IR,AT1G30410,AT1G30420,AT1G30410-AT1G3042018-19+IR,140,6,54,0,one,0.0428571428571429
AT1G23950-AT1G23970,2-3,2-3,+IR,0,194,0,179,0,377,5,47,1,92,5,118,IR,AT1G23950,AT1G23970,AT1G23950-AT1G239702-3+IR,750,0,257,11,one,0.0428015564202335
AT2G46440-AT2G46450,3-4,3-4,+IR,0,87,0,64,0,85,15,262,4,121,9,282,IR,AT2G46440,AT2G46450,AT2G46440-AT2G464503-4+IR,236,0,665,28,one,0.0421052631578947
AT4G10570-AT4G10590,7-8,7-8,-ALTA,4,53,2,52,2,90,0,53,0,81,0,84,ALTA,AT4G10570,AT4G10590,AT4G10570-AT4G105907-8-ALTA,195,8,218,0,one,0.041025641025641
AT2G33590-AT2G33600,5-6,5-6,+IR,12,259,12,249,15,447,0,242,0,224,0,454,IR,AT2G33590,AT2G33600,AT2G33590-AT2G336005-6+IR,955,39,920,0,one,0.0408376963350785
AT4G04750-AT4G04760,9-10,8-9,+IR,8,126,4,117,8,249,0,9,0,5,0,16,IR,AT4G04750,AT4G04760,AT4G04750-AT4G047609-10+IR,492,20,30,0,one,0.040650406504065
AT5G47480-AT5G47490,6-7,7-8,+IR,6,129,6,95,4,178,0,49,0,39,0,113,IR,AT5G47480,AT5G47490,AT5G47480-AT5G474906-7+IR,402,16,201,0,one,0.0398009950248756
AT4G24340-AT4G24350,3-4,3-4,+IR,0,3,0,2,0,5,24,917,32,843,66,1315,IR,AT4G24340,AT4G24350,AT4G24340-AT4G243503-4+IR,10,0,3075,122,one,0.0396747967479675
AT3G62740-AT3G62750,3-4,3-4,-ALTA,0,9,0,1,0,6,62,1157,18,980,78,1853,ALTA,AT3G62740,AT3G62750,AT3G62740-AT3G627503-4-ALTA,16,0,3990,158,one,0.0395989974937343
AT5G25040-AT5G25050,1-2,1-2,-ALTA,9,99,3,128,6,228,0,31,0,46,0,58,ALTA,AT5G25040,AT5G25050,AT5G25040-AT5G250501-2-ALTA,455,18,135,0,one,0.0395604395604396
AT4G14096-AT4G14103,2-3,1-2,+IR,2,45,3,48,3,110,0,1,0,3,0,3,IR,AT4G14096,AT4G14103,AT4G14096-AT4G141032-3+IR,203,8,7,0,one,0.0394088669950739
AT4G11830-AT4G11840,5-6,4-5,+IR,5,180,6,179,13,250,0,76,0,71,0,108,IR,AT4G11830,AT4G11840,AT4G11830-AT4G118405-6+IR,609,24,255,0,one,0.0394088669950739
AT1G53750-AT1G53780,7-8,12-13,+IR,0,1127,0,1234,0,2091,6,249,9,244,21,426,IR,AT1G53750,AT1G53780,AT1G53750-AT1G537807-8+IR,4452,0,919,36,one,0.0391730141458107
AT2G17320-AT2G17340,7-8,7-8,+IR,0,110,0,127,0,201,15,406,8,397,32,627,IR,AT2G17320,AT2G17340,AT2G17320-AT2G173407-8+IR,438,0,1430,55,one,0.0384615384615385
AT5G19460-AT5G19470,5-6,5-6,+ALTA,10,205,5,147,8,249,0,3,0,3,0,2,ALTA,AT5G19460,AT5G19470,AT5G19460-AT5G194705-6+ALTA,601,23,8,0,one,0.0382695507487521
AT4G10570-AT4G10590,9-10,9-10,+IR,0,62,0,49,0,100,1,85,4,53,4,100,IR,AT4G10570,AT4G10590,AT4G10570-AT4G105909-10+IR,211,0,238,9,one,0.0378151260504202
AT2G29190-AT2G29200,6-7,6-7,+IR,9,152,5,124,7,280,0,87,0,44,0,114,IR,AT2G29190,AT2G29200,AT2G29190-AT2G292006-7+IR,556,21,245,0,one,0.0377697841726619
AT1G02920-AT1G02930,2-3,2-3,+IR,0,191,0,210,0,304,11,324,12,372,22,538,IR,AT1G02920,AT1G02930,AT1G02920-AT1G029302-3+IR,705,0,1234,45,one,0.0364667747163695
AT5G47480-AT5G47490,3-4,3-4,+ALTA,0,142,0,74,0,145,1,40,2,33,2,65,ALTA,AT5G47480,AT5G47490,AT5G47480-AT5G474903-4+ALTA,361,0,138,5,one,0.036231884057971
AT4G04540-AT4G04570,5-6,5-6,+IR,0,2,0,2,0,3,16,404,9,327,25,660,IR,AT4G04540,AT4G04570,AT4G04540-AT4G045705-6+IR,7,0,1391,50,one,0.0359453630481668
AT3G49110-AT3G49120,3-4,3-4,+IR,0,3,0,0,0,1,21,415,15,376,10,505,IR,AT3G49110,AT3G49120,AT3G49110-AT3G491203-4+IR,4,0,1296,46,one,0.0354938271604938
AT5G55300-AT5G55310,2-3,2-3,+IR,11,150,4,193,7,279,0,130,0,111,0,182,IR,AT5G55300,AT5G55310,AT5G55300-AT5G553102-3+IR,622,22,423,0,one,0.0353697749196141
AT4G23420-AT4G23430,9-10,7-8,+IR,0,6,0,16,0,8,14,277,5,225,13,404,IR,AT4G23420,AT4G23430,AT4G23420-AT4G234309-10+IR,30,0,906,32,one,0.0353200883002208
AT1G11340-AT1G11410,5-6,4-5,+IR,0,11,0,13,0,26,12,210,2,199,12,337,IR,AT1G11340,AT1G11410,AT1G11340-AT1G114105-6+IR,50,0,746,26,one,0.0348525469168901
AT5G48630-AT5G48640,4-5,5-6,-ALTD,0,197,0,105,0,229,2,146,7,125,8,222,ALTD,AT5G48630,AT5G48640,AT5G48630-AT5G486404-5-ALTD,531,0,493,17,one,0.0344827586206897
AT5G12950-AT5G12960,4-5,4-5,+IR,15,323,16,477,16,569,0,24,0,34,0,45,IR,AT5G12950,AT5G12960,AT5G12950-AT5G129604-5+IR,1369,47,103,0,one,0.0343316289262235
AT2G29190-AT2G29200,9-10,9-10,+IR,6,176,1,139,13,268,0,85,0,36,0,94,IR,AT2G29190,AT2G29200,AT2G29190-AT2G292009-10+IR,583,20,215,0,one,0.0343053173241852
AT3G55000-AT3G55005,2-3,2-3,-ALTA,0,191,0,185,0,302,5,75,3,108,4,167,ALTA,AT3G55000,AT3G55005,AT3G55000-AT3G550052-3-ALTA,678,0,350,12,one,0.0342857142857143
AT1G59950-AT1G59960,1-2,1-2,+IR,0,5,0,1,0,0,2,76,1,60,4,70,IR,AT1G59950,AT1G59960,AT1G59950-AT1G599601-2+IR,6,0,206,7,one,0.0339805825242718
AT2G17320-AT2G17340,8-9,8-9,+IR,6,119,1,127,8,196,0,591,0,544,0,979,IR,AT2G17320,AT2G17340,AT2G17320-AT2G173408-9+IR,442,15,2114,0,one,0.0339366515837104
AT5G28850-AT5G28900,10-11,10-11,+IR,10,95,1,101,1,158,0,141,0,138,0,216,IR,AT5G28850,AT5G28900,AT5G28850-AT5G2890010-11+IR,354,12,495,0,one,0.0338983050847458
AT2G32160-AT2G32170,1-2,1-2,+IR,11,313,12,299,14,483,0,179,0,228,0,389,IR,AT2G32160,AT2G32170,AT2G32160-AT2G321701-2+IR,1095,37,796,0,one,0.0337899543378995
AT3G51640-AT3G51650,2-3,2-3,+IR,2,74,5,91,4,161,0,86,0,41,0,98,IR,AT3G51640,AT3G51650,AT3G51640-AT3G516502-3+IR,326,11,225,0,one,0.0337423312883436
AT4G04750-AT4G04760,5-6,4-5,+IR,7,161,6,112,6,300,0,6,0,6,0,5,IR,AT4G04750,AT4G04760,AT4G04750-AT4G047605-6+IR,573,19,17,0,one,0.0331588132635253
AT1G47550-AT1G47560,10-11,10-11,+IR,0,248,0,269,0,331,1,30,2,44,1,47,IR,AT1G47550,AT1G47560,AT1G47550-AT1G4756010-11+IR,848,0,121,4,one,0.0330578512396694
AT1G22360-AT1G22370,1-2,1-2,-ALTA,0,269,0,286,0,494,3,101,6,170,4,128,ALTA,AT1G22360,AT1G22370,AT1G22360-AT1G223701-2-ALTA,1049,0,399,13,one,0.0325814536340852
AT5G41360-AT5G41370,16-17,16-17,+IR,0,46,0,62,0,95,10,194,5,248,11,359,IR,AT5G41360,AT5G41370,AT5G41360-AT5G4137016-17+IR,203,0,801,26,one,0.0324594257178527
AT2G27960-AT2G27970,1-2,2-3,+ALTA;-ALTD,15,741,37,831,44,1395,0,159,0,97,0,267,ALTP,AT2G27960,AT2G27970,AT2G27960-AT2G279701-2+ALTA;-ALTD,2967,96,523,0,one,0.032355915065723
AT5G47480-AT5G47490,11-12,12-13,+IR,6,222,3,188,16,363,0,98,0,75,0,158,IR,AT5G47480,AT5G47490,AT5G47480-AT5G4749011-12+IR,773,25,331,0,one,0.0323415265200517
AT5G18362-AT5G18400,2-3,5-6,+IR,0,13,0,18,0,15,8,179,3,178,11,326,IR,AT5G18362,AT5G18400,AT5G18362-AT5G184002-3+IR,46,0,683,22,one,0.0322108345534407
AT5G21100-AT5G21105,2-3,2-3,+IR,20,361,3,270,15,555,0,164,0,116,0,296,IR,AT5G21100,AT5G21105,AT5G21100-AT5G211052-3+IR,1186,38,576,0,one,0.0320404721753794
AT5G41360-AT5G41370,12-13,12-13,+IR,0,37,0,42,0,73,2,109,2,115,9,187,IR,AT5G41360,AT5G41370,AT5G41360-AT5G4137012-13+IR,152,0,411,13,one,0.0316301703163017
AT1G76520-AT1G76530,5-6,5-6,+IR,3,285,10,235,13,308,0,18,0,4,0,16,IR,AT1G76520,AT1G76530,AT1G76520-AT1G765305-6+IR,828,26,38,0,one,0.0314009661835749
AT2G32530-AT2G32540,3-4,3-4,+IR,6,155,1,97,6,164,0,157,0,181,0,342,IR,AT2G32530,AT2G32540,AT2G32530-AT2G325403-4+IR,416,13,680,0,one,0.03125
AT3G62740-AT3G62750,6-7,6-7,+IR,0,5,0,2,0,5,27,1075,39,1053,58,1848,IR,AT3G62740,AT3G62750,AT3G62740-AT3G627506-7+IR,12,0,3976,124,one,0.0311871227364185
AT3G22310-AT3G22330,1-2,1-2,+IR,0,128,0,95,0,303,10,237,6,142,10,475,IR,AT3G22310,AT3G22330,AT3G22310-AT3G223301-2+IR,526,0,854,26,one,0.0304449648711944
AT1G56130-AT1G56140,18-19,18-19,-ALTA,0,6,0,17,0,9,3,44,1,46,1,75,ALTA,AT1G56130,AT1G56140,AT1G56130-AT1G5614018-19-ALTA,32,0,165,5,one,0.0303030303030303
AT2G32160-AT2G32170,9-10,10-11,+IR,3,245,13,181,5,273,0,110,0,105,0,152,IR,AT2G32160,AT2G32170,AT2G32160-AT2G321709-10+IR,699,21,367,0,one,0.0300429184549356
AT1G53430-AT1G53440,1-2,1-2,+IR,1,135,5,161,11,277,0,38,0,46,0,67,IR,AT1G53430,AT1G53440,AT1G53430-AT1G534401-2+IR,573,17,151,0,one,0.0296684118673647
AT3G47890-AT3G47910,2-3,2-3,+IR,0,44,0,39,0,56,3,181,5,84,6,212,IR,AT3G47890,AT3G47910,AT3G47890-AT3G479102-3+IR,139,0,477,14,one,0.0293501048218029
AT4G28860-AT4G28880,4-5,4-5,+IR,10,260,7,258,9,368,0,276,0,386,0,443,IR,AT4G28860,AT4G28880,AT4G28860-AT4G288804-5+IR,886,26,1105,0,one,0.0293453724604966
AT5G07940-AT5G07980,4-5,3-4,+IR,3,89,3,75,4,177,0,90,0,58,0,112,IR,AT5G07940,AT5G07980,AT5G07940-AT5G079804-5+IR,341,10,260,0,one,0.0293255131964809
AT3G48080-AT3G48090,2-3,2-3,+IR,0,14,0,5,0,16,7,202,5,202,9,323,IR,AT3G48080,AT3G48090,AT3G48080-AT3G480902-3+IR,35,0,727,21,one,0.0288858321870702
AT4G10570-AT4G10590,8-9,8-9,+IR,3,44,2,63,1,101,0,66,0,87,0,80,IR,AT4G10570,AT4G10590,AT4G10570-AT4G105908-9+IR,208,6,233,0,one,0.0288461538461538
AT1G67650-AT1G67680,3-4,3-4,+IR,0,12,0,9,0,12,2,232,8,114,8,282,IR,AT1G67650,AT1G67680,AT1G67650-AT1G676803-4+IR,33,0,628,18,one,0.0286624203821656
AT5G41360-AT5G41370,10-11,10-11,+IR,0,40,0,36,0,82,6,129,3,116,3,179,IR,AT5G41360,AT5G41370,AT5G41360-AT5G4137010-11+IR,158,0,424,12,one,0.0283018867924528
AT2G32870-AT2G32880,5-6,5-6,-ALTA,33,1190,20,890,39,1172,0,1134,0,900,0,1583,ALTA,AT2G32870,AT2G32880,AT2G32870-AT2G328805-6-ALTA,3252,92,3617,0,one,0.028290282902829
AT2G14720-AT2G14740,10-11,10-11,+IR,0,556,0,553,0,841,2,240,11,243,12,405,IR,AT2G14720,AT2G14740,AT2G14720-AT2G1474010-11+IR,1950,0,888,25,one,0.0281531531531532
AT5G41120-AT5G41130,12-13,12-13,+IR,0,26,0,32,0,41,2,27,1,60,1,56,IR,AT5G41120,AT5G41130,AT5G41120-AT5G4113012-13+IR,99,0,143,4,one,0.027972027972028
AT2G17320-AT2G17340,3-4,3-4,+IR,0,184,0,153,0,283,12,568,16,524,27,887,IR,AT2G17320,AT2G17340,AT2G17320-AT2G173403-4+IR,620,0,1979,55,one,0.0277918140474987
AT1G36160-AT1G36180,17-18,17-18,+IR,9,196,7,224,6,373,0,13,0,10,0,18,IR,AT1G36160,AT1G36180,AT1G36160-AT1G3618017-18+IR,793,22,41,0,one,0.0277427490542245
AT4G14713-AT4G14720,3-4,3-4,-ALTA,0,29,0,27,0,46,4,58,1,63,1,98,ALTA,AT4G14713,AT4G14720,AT4G14713-AT4G147203-4-ALTA,102,0,219,6,one,0.0273972602739726
AT1G14240-AT1G14250,8-9,8-9,+IR,0,0,0,3,0,6,11,546,11,673,53,1529,IR,AT1G14240,AT1G14250,AT1G14240-AT1G142508-9+IR,9,0,2748,75,one,0.027292576419214
AT2G45560-AT2G45570,1-2,1-2,+IR,16,432,7,384,19,733,0,1,0,7,0,0,IR,AT2G45560,AT2G45570,AT2G45560-AT2G455701-2+IR,1549,42,8,0,one,0.0271142672692059
AT5G27350-AT5G27360,16-17,16-17,+IR,9,734,25,752,29,854,0,116,0,133,0,271,IR,AT5G27350,AT5G27360,AT5G27350-AT5G2736016-17+IR,2340,63,520,0,one,0.0269230769230769
AT1G34180-AT1G34190,4-5,3-4,+IR,0,1,0,1,0,1,6,245,8,251,11,445,IR,AT1G34180,AT1G34190,AT1G34180-AT1G341904-5+IR,3,0,941,25,one,0.026567481402763
AT1G30410-AT1G30420,20-21,18-19,+IR,2,67,2,69,3,131,0,41,0,29,0,41,IR,AT1G30410,AT1G30420,AT1G30410-AT1G3042020-21+IR,267,7,111,0,one,0.0262172284644195
AT1G30410-AT1G30420,24-25,22-23,-ALTD,3,65,2,69,1,95,0,39,0,27,0,43,ALTD,AT1G30410,AT1G30420,AT1G30410-AT1G3042024-25-ALTD,229,6,109,0,one,0.0262008733624454
AT3G47890-AT3G47910,7-8,7-8,+IR,4,149,3,118,7,273,0,225,0,126,0,344,IR,AT3G47890,AT3G47910,AT3G47890-AT3G479107-8+IR,540,14,695,0,one,0.0259259259259259
AT2G46440-AT2G46450,2-3,2-3,-ALTA,2,171,2,76,8,216,0,251,0,111,0,263,ALTA,AT2G46440,AT2G46450,AT2G46440-AT2G464502-3-ALTA,463,12,625,0,one,0.0259179265658747
AT4G08480-AT4G08500,5-6,5-6,+IR,0,75,0,75,0,107,2,98,5,108,2,148,IR,AT4G08480,AT4G08500,AT4G08480-AT4G085005-6+IR,257,0,354,9,one,0.0254237288135593
AT4G10570-AT4G10590,10-11,10-11,+IR,1,86,2,48,3,105,0,79,0,50,0,96,IR,AT4G10570,AT4G10590,AT4G10570-AT4G1059010-11+IR,239,6,225,0,one,0.0251046025104603
AT2G14720-AT2G14740,8-9,8-9,+IR,0,545,0,556,0,915,4,257,6,237,12,396,IR,AT2G14720,AT2G14740,AT2G14720-AT2G147408-9+IR,2016,0,890,22,one,0.0247191011235955
AT1G07470-AT1G07480,6-7,6-7,+ALTD,5,133,2,150,5,207,0,200,0,200,0,273,ALTD,AT1G07470,AT1G07480,AT1G07470-AT1G074806-7+ALTD,490,12,673,0,one,0.0244897959183673
AT5G22770-AT5G22780,6-7,6-7,+ALTA;-ALTD,4,167,4,119,5,248,0,117,0,99,0,183,ALTP,AT5G22770,AT5G22780,AT5G22770-AT5G227806-7+ALTA;-ALTD,534,13,399,0,one,0.0243445692883895
AT1G08890-AT1G08900,7-8,7-8,-ALTA,0,36,0,57,0,64,6,169,7,291,6,325,ALTA,AT1G08890,AT1G08900,AT1G08890-AT1G089007-8-ALTA,157,0,785,19,one,0.024203821656051
AT1G35170-AT1G35180,1-2,1-2,+IR,0,8,0,12,0,21,2,100,3,101,4,172,IR,AT1G35170,AT1G35180,AT1G35170-AT1G351801-2+IR,41,0,373,9,one,0.0241286863270777
AT5G22770-AT5G22780,10-11,10-11,+IR,3,179,6,168,6,277,0,206,0,186,0,326,IR,AT5G22770,AT5G22780,AT5G22770-AT5G2278010-11+IR,624,15,718,0,one,0.0240384615384615
AT4G37520-AT4G37530,1-2,1-2,-ALTA,1,77,1,65,3,66,0,15,0,19,0,38,ALTA,AT4G37520,AT4G37530,AT4G37520-AT4G375301-2-ALTA,208,5,72,0,one,0.0240384615384615
AT1G02300-AT1G02305,6-7,7-8,+IR,3,160,5,227,10,364,0,571,0,629,0,915,IR,AT1G02300,AT1G02305,AT1G02300-AT1G023056-7+IR,751,18,2115,0,one,0.0239680426098535
AT1G74000-AT1G74020,1-2,1-2,+IR,0,2,0,7,0,5,1,56,2,52,2,101,IR,AT1G74000,AT1G74020,AT1G74000-AT1G740201-2+IR,14,0,209,5,one,0.0239234449760766
AT4G14230-AT4G14240,2-3,2-3,+IR,0,205,0,174,0,305,4,191,4,183,9,337,IR,AT4G14230,AT4G14240,AT4G14230-AT4G142402-3+IR,684,0,711,17,one,0.0239099859353024
AT1G10360-AT1G10370,1-2,1-2,-ALTA,40,1341,23,1036,44,2141,0,1488,0,946,0,2356,ALTA,AT1G10360,AT1G10370,AT1G10360-AT1G103701-2-ALTA,4518,107,4790,0,one,0.0236830455953962
AT1G09480-AT1G09490,4-5,3-4,+IR,0,7,0,4,0,6,2,330,12,347,12,421,IR,AT1G09480,AT1G09490,AT1G09480-AT1G094904-5+IR,17,0,1098,26,one,0.0236794171220401
AT2G17320-AT2G17340,10-11,10-11,+IR,1,87,2,94,6,204,0,388,0,371,0,658,IR,AT2G17320,AT2G17340,AT2G17320-AT2G1734010-11+IR,385,9,1417,0,one,0.0233766233766234
AT1G02300-AT1G02305,7-8,8-9,+IR,9,261,5,276,8,406,0,772,0,912,0,1249,IR,AT1G02300,AT1G02305,AT1G02300-AT1G023057-8+IR,943,22,2933,0,one,0.0233297985153765
AT1G56130-AT1G56140,22-23,22-23,+IR,0,5,0,0,0,6,1,56,2,46,1,70,IR,AT1G56130,AT1G56140,AT1G56130-AT1G5614022-23+IR,11,0,172,4,one,0.0232558139534884
AT4G04695-AT4G04700,5-6,5-6,+IR,2,54,1,33,1,85,0,24,0,31,0,67,IR,AT4G04695,AT4G04700,AT4G04695-AT4G047005-6+IR,172,4,122,0,one,0.0232558139534884
AT2G37450-AT2G37460,2-3,3-4,-ALTD,13,359,3,278,12,568,0,330,0,211,0,368,ALTD,AT2G37450,AT2G37460,AT2G37450-AT2G374602-3-ALTD,1205,28,909,0,one,0.0232365145228216
AT2G14720-AT2G14740,2-3,2-3,+IR,0,374,0,530,0,709,3,217,6,224,10,377,IR,AT2G14720,AT2G14740,AT2G14720-AT2G147402-3+IR,1613,0,818,19,one,0.0232273838630807
AT4G23270-AT4G23280,5-6,5-6,+IR,9,231,6,287,4,304,0,0,0,1,0,2,IR,AT4G23270,AT4G23280,AT4G23270-AT4G232805-6+IR,822,19,3,0,one,0.0231143552311436
AT2G30730-AT2G30740,1-2,3-4,+IR,0,0,0,1,0,2,4,153,3,163,7,293,IR,AT2G30730,AT2G30740,AT2G30730-AT2G307401-2+IR,3,0,609,14,one,0.0229885057471264
AT4G29260-AT4G29270,1-2,1-2,+IR,6,373,10,380,17,686,0,4,0,4,0,16,IR,AT4G29260,AT4G29270,AT4G29260-AT4G292701-2+IR,1439,33,24,0,one,0.0229325920778318
AT1G29390-AT1G29395,3-4,3-4,+IR,0,638,0,864,0,1149,9,221,18,855,10,544,IR,AT1G29390,AT1G29395,AT1G29390-AT1G293953-4+IR,2651,0,1620,37,one,0.0228395061728395
AT3G05880-AT3G05890,1-2,1-2,+IR,30,403,17,997,19,1496,0,19,0,63,0,59,IR,AT3G05880,AT3G05890,AT3G05880-AT3G058901-2+IR,2896,66,141,0,one,0.0227900552486188
AT2G32870-AT2G32880,5-6,5-6,+ALTD,0,1223,0,910,0,1211,11,1123,21,879,47,1536,ALTD,AT2G32870,AT2G32880,AT2G32870-AT2G328805-6+ALTD,3344,0,3538,79,one,0.0223289994347089
AT1G08890-AT1G08900,1-2,1-2,-ALTA,0,19,0,53,0,62,2,269,10,257,10,480,ALTA,AT1G08890,AT1G08900,AT1G08890-AT1G089001-2-ALTA,134,0,1006,22,one,0.0218687872763419
AT4G11830-AT4G11840,4-5,3-4,+IR,5,230,5,235,9,408,0,70,0,49,0,105,IR,AT4G11830,AT4G11840,AT4G11830-AT4G118404-5+IR,873,19,224,0,one,0.0217640320733104
AT1G65790-AT1G65800,6-7,6-7,+IR,0,46,0,34,0,58,10,541,2,559,29,796,IR,AT1G65790,AT1G65800,AT1G65790-AT1G658006-7+IR,138,0,1896,41,one,0.0216244725738397
AT3G57010-AT3G57020,2-3,2-3,+IR,0,9,0,4,0,9,15,555,5,438,21,929,IR,AT3G57010,AT3G57020,AT3G57010-AT3G570202-3+IR,22,0,1922,41,one,0.0213319458896982
AT4G12770-AT4G12780,2-3,2-3,-ALTA,0,154,0,148,0,284,9,171,5,190,2,398,ALTA,AT4G12770,AT4G12780,AT4G12770-AT4G127802-3-ALTA,586,0,759,16,one,0.0210803689064559
AT3G28070-AT3G28080,2-3,2-3,-ALTA,0,321,0,221,0,436,8,384,9,301,7,469,ALTA,AT3G28070,AT3G28080,AT3G28070-AT3G280802-3-ALTA,978,0,1154,24,one,0.0207972270363951
AT1G23900-AT1G23940,3-4,5-6,+IR,2,95,1,85,4,158,0,3,0,6,0,22,IR,AT1G23900,AT1G23940,AT1G23900-AT1G239403-4+IR,338,7,31,0,one,0.0207100591715976
AT2G46440-AT2G46450,3-4,3-4,-ALTD,0,87,0,64,0,85,3,274,3,122,8,283,ALTD,AT2G46440,AT2G46450,AT2G46440-AT2G464503-4-ALTD,236,0,679,14,one,0.0206185567010309
AT1G70670-AT1G70680,5-6,5-6,+IR,6,181,3,183,5,330,0,0,0,3,0,2,IR,AT1G70670,AT1G70680,AT1G70670-AT1G706805-6+IR,694,14,5,0,one,0.0201729106628242
AT3G08720-AT3G08730,5-6,5-6,+IR,0,28,0,58,0,55,17,779,3,423,26,1095,IR,AT3G08720,AT3G08730,AT3G08720-AT3G087305-6+IR,141,0,2297,46,one,0.0200261210274271
AT5G22770-AT5G22780,11-12,11-12,+IR,3,195,3,143,6,262,0,239,0,171,0,338,IR,AT5G22770,AT5G22780,AT5G22770-AT5G2278011-12+IR,600,12,748,0,one,0.02
AT5G05040-AT5G05060,1-2,1-2,+IR,0,1,0,1,0,2,2,204,2,175,11,381,IR,AT5G05040,AT5G05060,AT5G05040-AT5G050601-2+IR,4,0,760,15,one,0.0197368421052632
AT1G53430-AT1G53440,5-6,5-6,+IR,2,106,3,129,3,179,0,52,0,71,0,108,IR,AT1G53430,AT1G53440,AT1G53430-AT1G534405-6+IR,414,8,231,0,one,0.0193236714975845
AT2G20120-AT2G20130,6-7,6-7,+IR,0,307,0,367,0,593,2,150,4,138,4,230,IR,AT2G20120,AT2G20130,AT2G20120-AT2G201306-7+IR,1267,0,518,10,one,0.0193050193050193
AT1G24265-AT1G24267,12-13,10-11,+IR,0,34,0,16,0,34,4,241,2,168,8,317,IR,AT1G24265,AT1G24267,AT1G24265-AT1G2426712-13+IR,84,0,726,14,one,0.0192837465564738
AT4G27820-AT4G27830,3-4,3-4,+IR,7,275,2,177,8,430,0,249,0,190,0,334,IR,AT4G27820,AT4G27830,AT4G27820-AT4G278303-4+IR,882,17,773,0,one,0.0192743764172336
AT4G14230-AT4G14240,4-5,7-8,+IR,9,319,4,279,8,492,0,275,0,154,0,367,IR,AT4G14230,AT4G14240,AT4G14230-AT4G142404-5+IR,1090,21,796,0,one,0.0192660550458716
AT1G07470-AT1G07480,9-10,9-10,-ALTA,0,132,0,204,0,308,6,190,3,219,6,374,ALTA,AT1G07470,AT1G07480,AT1G07470-AT1G074809-10-ALTA,644,0,783,15,one,0.0191570881226054
AT1G27330-AT1G27350,2-3,2-3,-ALTD,17,476,8,510,11,906,0,391,0,378,0,765,ALTD,AT1G27330,AT1G27350,AT1G27330-AT1G273502-3-ALTD,1892,36,1534,0,one,0.0190274841437632
AT2G17320-AT2G17340,9-10,9-10,+IR,1,76,1,110,5,184,0,521,0,517,0,940,IR,AT2G17320,AT2G17340,AT2G17320-AT2G173409-10+IR,370,7,1978,0,one,0.0189189189189189
AT1G53430-AT1G53440,7-8,7-8,+IR,0,110,0,151,0,181,2,77,1,75,2,114,IR,AT1G53430,AT1G53440,AT1G53430-AT1G534407-8+IR,442,0,266,5,one,0.018796992481203
AT3G55000-AT3G55005,1-2,1-2,+IR,0,149,0,188,0,373,3,125,4,172,4,293,IR,AT3G55000,AT3G55005,AT3G55000-AT3G550051-2+IR,710,0,590,11,one,0.0186440677966102
AT1G07470-AT1G07480,8-9,8-9,+ALTD,0,179,0,166,0,301,4,211,5,240,5,301,ALTD,AT1G07470,AT1G07480,AT1G07470-AT1G074808-9+ALTD,646,0,752,14,one,0.0186170212765957
AT1G63470-AT1G63480,4-5,4-5,+IR,1,87,2,96,4,196,0,20,0,32,0,70,IR,AT1G63470,AT1G63480,AT1G63470-AT1G634804-5+IR,379,7,122,0,one,0.0184696569920844
AT5G61060-AT5G61070,1-2,1-2,+ALTD,1,111,2,126,5,198,0,0,0,2,0,10,ALTD,AT5G61060,AT5G61070,AT5G61060-AT5G610701-2+ALTD,435,8,12,0,one,0.0183908045977011
AT2G13790-AT2G13800,8-9,8-9,+IR,5,273,4,226,6,327,0,71,0,61,0,62,IR,AT2G13790,AT2G13800,AT2G13790-AT2G138008-9+IR,826,15,194,0,one,0.0181598062953995
AT4G30910-AT4G30920,8-9,8-9,+IR,0,162,0,145,0,227,28,973,21,1055,21,1904,IR,AT4G30910,AT4G30920,AT4G30910-AT4G309208-9+IR,534,0,3932,70,one,0.0178026449643947
AT3G61990-AT3G62000,8-9,8-9,+IR,0,41,0,24,0,34,2,105,2,96,3,194,IR,AT3G61990,AT3G62000,AT3G61990-AT3G620008-9+IR,99,0,395,7,one,0.0177215189873418
AT4G08480-AT4G08500,8-9,8-9,+ALTA,0,29,0,38,0,74,2,69,1,101,3,170,ALTA,AT4G08480,AT4G08500,AT4G08480-AT4G085008-9+ALTA,141,0,340,6,one,0.0176470588235294
AT2G17320-AT2G17340,11-12,11-12,-ALTD,1,68,3,91,2,183,0,433,0,375,0,684,ALTD,AT2G17320,AT2G17340,AT2G17320-AT2G1734011-12-ALTD,342,6,1492,0,one,0.0175438596491228
AT1G47550-AT1G47560,21-22,21-22,+IR,4,263,6,261,7,447,0,4,0,11,0,14,IR,AT1G47550,AT1G47560,AT1G47550-AT1G4756021-22+IR,971,17,29,0,one,0.0175077239958805
AT2G14720-AT2G14740,6-7,6-7,+IR,0,369,0,384,0,564,3,216,4,248,9,453,IR,AT2G14720,AT2G14740,AT2G14720-AT2G147406-7+IR,1317,0,917,16,one,0.0174482006543075
AT3G57460-AT3G57470,7-8,17-18,+ALTD,0,6,0,4,0,20,1,143,2,126,6,249,ALTD,AT3G57460,AT3G57470,AT3G57460-AT3G574707-8+ALTD,30,0,518,9,one,0.0173745173745174
AT1G56130-AT1G56140,11-12,11-12,+ALTA,0,4,0,5,0,8,1,60,1,54,1,59,ALTA,AT1G56130,AT1G56140,AT1G56130-AT1G5614011-12+ALTA,17,0,173,3,one,0.0173410404624277
AT1G08890-AT1G08900,2-3,2-3,-ALTA,0,31,0,53,0,59,8,204,4,315,4,420,ALTA,AT1G08890,AT1G08900,AT1G08890-AT1G089002-3-ALTA,143,0,939,16,one,0.0170394036208733
AT3G55000-AT3G55005,4-5,4-5,-ALTA,0,195,0,156,0,298,3,124,1,132,4,218,ALTA,AT3G55000,AT3G55005,AT3G55000-AT3G550054-5-ALTA,649,0,474,8,one,0.0168776371308017
AT3G22310-AT3G22330,6-7,6-7,+IR,0,116,0,81,0,285,12,339,2,181,4,554,IR,AT3G22310,AT3G22330,AT3G22310-AT3G223306-7+IR,482,0,1074,18,one,0.0167597765363128
AT5G18630-AT5G18640,8-9,8-9,-ALTD,2,496,12,606,17,751,0,90,0,154,0,196,ALTD,AT5G18630,AT5G18640,AT5G18630-AT5G186408-9-ALTD,1853,31,440,0,one,0.0167296276308689
AT1G28570-AT1G28580,4-5,4-5,-ALTA,0,112,0,80,0,155,5,278,7,231,3,397,ALTA,AT1G28570,AT1G28580,AT1G28570-AT1G285804-5-ALTA,347,0,906,15,one,0.0165562913907285
AT5G24155-AT5G24160,1-2,1-2,+IR,0,204,0,217,0,421,2,178,4,231,6,316,IR,AT5G24155,AT5G24160,AT5G24155-AT5G241601-2+IR,842,0,725,12,one,0.016551724137931
AT3G58560-AT3G58580,1-2,1-2,+IR,0,237,0,178,0,394,2,110,1,87,3,168,IR,AT3G58560,AT3G58580,AT3G58560-AT3G585801-2+IR,809,0,365,6,one,0.0164383561643836
AT1G30410-AT1G30420,26-27,24-25,+ALTD,2,82,3,91,1,193,0,27,0,33,0,66,ALTD,AT1G30410,AT1G30420,AT1G30410-AT1G3042026-27+ALTD,366,6,126,0,one,0.0163934426229508
AT1G53750-AT1G53780,4-5,9-10,+ALTA,0,795,0,765,0,1311,4,255,5,198,5,405,ALTA,AT1G53750,AT1G53780,AT1G53750-AT1G537804-5+ALTA,2871,0,858,14,one,0.0163170163170163
AT1G24265-AT1G24267,14-15,12-13,+IR,0,19,0,15,0,39,3,279,2,228,11,477,IR,AT1G24265,AT1G24267,AT1G24265-AT1G2426714-15+IR,73,0,984,16,one,0.016260162601626
AT1G23900-AT1G23940,5-6,7-8,+IR,1,161,1,139,6,194,0,11,0,9,0,27,IR,AT1G23900,AT1G23940,AT1G23900-AT1G239405-6+IR,494,8,47,0,one,0.0161943319838057
AT4G31480-AT4G31490,1-2,1-2,+ALTA,9,512,12,568,15,1163,0,345,0,286,0,664,ALTA,AT4G31480,AT4G31490,AT4G31480-AT4G314901-2+ALTA,2243,36,1295,0,one,0.0160499331252786
AT3G13290-AT3G13300,8-9,8-9,+IR,0,78,0,73,0,131,4,200,2,153,4,283,IR,AT3G13290,AT3G13300,AT3G13290-AT3G133008-9+IR,282,0,636,10,one,0.0157232704402516
AT4G23420-AT4G23430,4-5,2-3,+IR,0,7,0,8,0,10,4,284,5,286,8,514,IR,AT4G23420,AT4G23430,AT4G23420-AT4G234304-5+IR,25,0,1084,17,one,0.0156826568265683
AT5G22770-AT5G22780,14-15,14-15,+ALTA,3,243,4,177,5,347,0,208,0,225,0,426,ALTA,AT5G22770,AT5G22780,AT5G22770-AT5G2278014-15+ALTA,767,12,859,0,one,0.015645371577575
AT2G46280-AT2G46290,5-6,6-7,+IR,16,792,7,614,22,1480,0,30,0,21,0,39,IR,AT2G46280,AT2G46290,AT2G46280-AT2G462905-6+IR,2886,45,90,0,one,0.0155925155925156
AT2G32530-AT2G32540,2-3,2-3,-ALTA,3,200,1,71,3,178,0,204,0,177,0,293,ALTA,AT2G32530,AT2G32540,AT2G32530-AT2G325402-3-ALTA,449,7,674,0,one,0.0155902004454343
AT4G34640-AT4G34650,9-10,9-10,+IR,2,248,2,248,10,407,0,71,0,58,0,115,IR,AT4G34640,AT4G34650,AT4G34640-AT4G346509-10+IR,903,14,244,0,one,0.0155038759689922
AT3G08720-AT3G08730,4-5,4-5,+IR,0,34,0,53,0,66,11,836,2,406,23,1091,IR,AT3G08720,AT3G08730,AT3G08720-AT3G087304-5+IR,153,0,2333,36,one,0.0154307758251179
AT4G28860-AT4G28880,8-9,9-10,+IR,2,386,7,410,13,639,0,477,0,635,0,907,IR,AT4G28860,AT4G28880,AT4G28860-AT4G288808-9+IR,1435,22,2019,0,one,0.0153310104529617
AT3G61990-AT3G62000,4-5,4-5,+IR,0,52,0,44,0,57,3,124,1,118,3,217,IR,AT3G61990,AT3G62000,AT3G61990-AT3G620004-5+IR,153,0,459,7,one,0.0152505446623094
AT1G53750-AT1G53780,7-8,12-13,+ALTD,0,1127,0,1234,0,2091,1,254,2,251,11,436,ALTD,AT1G53750,AT1G53780,AT1G53750-AT1G537807-8+ALTD,4452,0,941,14,one,0.0148777895855473
AT1G12340-AT1G12390,2-3,2-3,+IR,0,5,0,1,0,13,2,120,3,129,2,223,IR,AT1G12340,AT1G12390,AT1G12340-AT1G123902-3+IR,19,0,472,7,one,0.0148305084745763
AT2G37450-AT2G37460,4-5,5-6,+ALTA,4,321,2,226,9,468,0,434,0,203,0,408,ALTA,AT2G37450,AT2G37460,AT2G37450-AT2G374604-5+ALTA,1015,15,1045,0,one,0.0147783251231527
AT5G19460-AT5G19470,6-7,6-7,+IR,4,149,2,159,2,235,0,0,0,3,0,2,IR,AT5G19460,AT5G19470,AT5G19460-AT5G194706-7+IR,543,8,5,0,one,0.0147329650092081
AT1G23900-AT1G23940,3-4,5-6,-ALTA,3,94,1,85,1,161,0,3,0,6,0,22,ALTA,AT1G23900,AT1G23940,AT1G23900-AT1G239403-4-ALTA,340,5,31,0,one,0.0147058823529412
AT4G10570-AT4G10590,6-7,6-7,-ALTD,0,46,0,49,0,80,1,63,1,53,1,90,ALTD,AT4G10570,AT4G10590,AT4G10570-AT4G105906-7-ALTD,175,0,206,3,one,0.0145631067961165
AT4G31480-AT4G31490,5-6,5-6,+IR,7,375,1,321,10,540,0,400,0,350,0,670,IR,AT4G31480,AT4G31490,AT4G31480-AT4G314905-6+IR,1236,18,1420,0,one,0.0145631067961165
AT1G67650-AT1G67680,1-2,1-2,+IR,0,12,0,8,0,20,4,227,1,175,7,422,IR,AT1G67650,AT1G67680,AT1G67650-AT1G676801-2+IR,40,0,824,12,one,0.0145631067961165
AT1G70670-AT1G70680,2-3,2-3,+IR,3,257,4,273,9,574,0,0,0,1,0,2,IR,AT1G70670,AT1G70680,AT1G70670-AT1G706802-3+IR,1104,16,3,0,one,0.0144927536231884
AT1G09480-AT1G09490,5-6,4-5,+IR,0,12,0,10,0,8,6,307,6,415,6,522,IR,AT1G09480,AT1G09490,AT1G09480-AT1G094905-6+IR,30,0,1244,18,one,0.0144694533762058
AT2G14720-AT2G14740,1-2,1-2,-ALTA,3,289,6,340,7,489,0,183,0,150,0,299,ALTA,AT2G14720,AT2G14740,AT2G14720-AT2G147401-2-ALTA,1118,16,632,0,one,0.0143112701252236
AT1G56510-AT1G56520,1-2,1-2,-ALTA,4,188,2,205,3,239,0,91,0,106,0,149,ALTA,AT1G56510,AT1G56520,AT1G56510-AT1G565201-2-ALTA,632,9,346,0,one,0.0142405063291139
AT1G67650-AT1G67680,5-6,5-6,+IR,0,16,0,14,0,12,2,185,1,132,6,327,IR,AT1G67650,AT1G67680,AT1G67650-AT1G676805-6+IR,42,0,644,9,one,0.0139751552795031
AT5G55300-AT5G55310,4-5,4-5,+IR,0,251,0,292,0,460,4,159,1,162,3,255,IR,AT5G55300,AT5G55310,AT5G55300-AT5G553104-5+IR,1003,0,576,8,one,0.0138888888888889
AT5G55300-AT5G55310,6-7,6-7,+IR,2,179,1,201,6,268,0,143,0,114,0,187,IR,AT5G55300,AT5G55310,AT5G55300-AT5G553106-7+IR,648,9,444,0,one,0.0138888888888889
AT1G29350-AT1G29370,5-6,5-6,+IR,7,274,3,311,5,498,0,240,0,250,0,409,IR,AT1G29350,AT1G29370,AT1G29350-AT1G293705-6+IR,1083,15,899,0,one,0.0138504155124654
AT3G58560-AT3G58580,1-2,1-2,+ALTA,0,237,0,178,0,394,2,110,2,86,1,170,ALTA,AT3G58560,AT3G58580,AT3G58560-AT3G585801-2+ALTA,809,0,366,5,one,0.0136612021857923
AT3G62740-AT3G62750,12-13,12-13,-ALTA,0,1,0,5,0,4,11,1053,12,937,29,1860,ALTA,AT3G62740,AT3G62750,AT3G62740-AT3G6275012-13-ALTA,10,0,3850,52,one,0.0135064935064935
AT5G21222-AT5G21326,9-10,9-10,+ALTA,1,331,11,467,10,833,0,582,0,627,0,950,ALTA,AT5G21222,AT5G21326,AT5G21222-AT5G213269-10+ALTA,1631,22,2159,0,one,0.0134886572654813
AT5G20940-AT5G20950,7-8,8-9,+IR,0,0,0,1,0,2,3,244,1,246,9,480,IR,AT5G20940,AT5G20950,AT5G20940-AT5G209507-8+IR,3,0,970,13,one,0.0134020618556701
AT5G22770-AT5G22780,26-27,26-27,+IR,3,168,3,118,1,243,0,172,0,110,0,200,IR,AT5G22770,AT5G22780,AT5G22770-AT5G2278026-27+IR,529,7,482,0,one,0.0132325141776938
AT2G44195-AT2G44200,1-2,1-2,+IR,0,1,0,2,0,0,3,94,1,133,2,229,IR,AT2G44195,AT2G44200,AT2G44195-AT2G442001-2+IR,3,0,456,6,one,0.0131578947368421
AT1G36160-AT1G36180,22-23,22-23,-ALTD,3,195,3,218,4,351,0,26,0,9,0,28,ALTD,AT1G36160,AT1G36180,AT1G36160-AT1G3618022-23-ALTD,764,10,63,0,one,0.0130890052356021
AT2G17190-AT2G17200,2-3,2-3,+ALTD,0,402,0,400,0,603,5,490,5,497,12,718,ALTD,AT2G17190,AT2G17200,AT2G17190-AT2G172002-3+ALTD,1405,0,1705,22,one,0.0129032258064516
AT4G37980-AT4G37990,2-3,2-3,+IR,30,1286,6,1430,35,2893,0,10,0,15,0,2,IR,AT4G37980,AT4G37990,AT4G37980-AT4G379902-3+IR,5609,71,27,0,one,0.0126582278481013
AT4G32960-AT4G32970,2-3,2-3,+ALTD,1,106,2,118,2,172,0,25,0,20,0,44,ALTD,AT4G32960,AT4G32970,AT4G32960-AT4G329702-3+ALTD,396,5,89,0,one,0.0126262626262626
AT4G25515-AT4G25520,5-6,6-7,+IR,0,19,0,32,0,54,1,90,1,94,2,135,IR,AT4G25515,AT4G25520,AT4G25515-AT4G255205-6+IR,105,0,319,4,one,0.0125391849529781
AT3G05160-AT3G05165,12-13,13-14,+IR,0,169,0,211,0,272,2,268,4,230,4,303,IR,AT3G05160,AT3G05165,AT3G05160-AT3G0516512-13+IR,652,0,801,10,one,0.0124843945068664
AT4G28860-AT4G28880,11-12,12-13,-ALTA,13,344,1,343,1,521,0,279,0,327,0,428,ALTA,AT4G28860,AT4G28880,AT4G28860-AT4G2888011-12-ALTA,1208,15,1034,0,one,0.0124172185430464
AT1G02920-AT1G02930,1-2,1-2,+IR,0,215,0,291,0,346,3,355,2,436,14,751,IR,AT1G02920,AT1G02930,AT1G02920-AT1G029301-2+IR,852,0,1542,19,one,0.0123216601815824
AT2G14720-AT2G14740,11-12,11-12,+IR,6,437,7,429,4,514,0,233,0,217,0,405,IR,AT2G14720,AT2G14740,AT2G14720-AT2G1474011-12+IR,1380,17,855,0,one,0.0123188405797101
AT1G36160-AT1G36180,30-31,30-31,+IR,6,331,1,297,7,519,0,31,0,34,0,75,IR,AT1G36160,AT1G36180,AT1G36160-AT1G3618030-31+IR,1147,14,140,0,one,0.012205754141238
AT2G21250-AT2G21260,4-5,4-5,+IR,4,529,8,548,12,902,0,39,0,46,0,105,IR,AT2G21250,AT2G21260,AT2G21250-AT2G212604-5+IR,1979,24,190,0,one,0.0121273370389085
AT1G29350-AT1G29370,4-5,4-5,+IR,0,116,0,126,0,215,1,118,1,131,4,260,IR,AT1G29350,AT1G29370,AT1G29350-AT1G293704-5+IR,457,0,509,6,one,0.0117878192534381
AT5G65050-AT5G65060,2-3,2-3,+ALTD,2,298,4,300,6,422,0,75,0,72,0,119,ALTD,AT5G65050,AT5G65060,AT5G65050-AT5G650602-3+ALTD,1020,12,266,0,one,0.0117647058823529
AT5G55300-AT5G55310,3-4,3-4,+IR,0,235,0,253,0,401,4,180,1,178,3,324,IR,AT5G55300,AT5G55310,AT5G55300-AT5G553103-4+IR,889,0,682,8,one,0.0117302052785924
AT2G14720-AT2G14740,1-2,1-2,+IR,4,288,4,342,5,491,0,183,0,150,0,299,IR,AT2G14720,AT2G14740,AT2G14720-AT2G147401-2+IR,1121,13,632,0,one,0.0115967885816235
AT4G23270-AT4G23280,4-5,4-5,+IR,5,317,6,512,6,639,0,0,0,3,0,3,IR,AT4G23270,AT4G23280,AT4G23270-AT4G232804-5+IR,1468,17,6,0,one,0.0115803814713896
AT1G24265-AT1G24267,13-14,11-12,+ALTA,0,25,0,23,0,31,2,256,1,205,8,510,ALTA,AT1G24265,AT1G24267,AT1G24265-AT1G2426713-14+ALTA,79,0,971,11,one,0.0113285272914521
AT5G27350-AT5G27360,17-18,17-18,-ALTA,12,1057,14,978,12,1321,0,149,0,117,0,244,ALTA,AT5G27350,AT5G27360,AT5G27350-AT5G2736017-18-ALTA,3356,38,510,0,one,0.0113230035756853
AT5G28850-AT5G28900,5-6,5-6,+IR,1,126,1,161,4,243,0,212,0,229,0,369,IR,AT5G28850,AT5G28900,AT5G28850-AT5G289005-6+IR,530,6,810,0,one,0.0113207547169811
AT4G28860-AT4G28880,9-10,10-11,+IR,4,276,4,367,5,535,0,542,0,609,0,874,IR,AT4G28860,AT4G28880,AT4G28860-AT4G288809-10+IR,1178,13,2025,0,one,0.0110356536502547
AT5G22770-AT5G22780,24-25,24-25,+IR,2,203,2,170,3,262,0,209,0,151,0,297,IR,AT5G22770,AT5G22780,AT5G22770-AT5G2278024-25+IR,635,7,657,0,one,0.0110236220472441
AT5G12950-AT5G12960,8-9,8-9,+IR,1,325,4,458,10,591,0,5,0,5,0,4,IR,AT5G12950,AT5G12960,AT5G12950-AT5G129608-9+IR,1374,15,14,0,one,0.0109170305676856
AT1G47490-AT1G47500,1-2,1-2,+IR,7,395,1,274,6,628,0,250,0,126,0,385,IR,AT1G47490,AT1G47500,AT1G47490-AT1G475001-2+IR,1297,14,761,0,one,0.0107941403238242
AT5G07690-AT5G07700,2-3,2-3,+ALTD;-ALTA,1,404,2,250,10,568,0,21,0,49,0,74,ALTP,AT5G07690,AT5G07700,AT5G07690-AT5G077002-3+ALTD;-ALTA,1222,13,144,0,one,0.0106382978723404
AT4G14230-AT4G14240,5-6,8-9,+IR,3,232,2,200,3,324,0,264,0,158,0,366,IR,AT4G14230,AT4G14240,AT4G14230-AT4G142405-6+IR,756,8,788,0,one,0.0105820105820106
AT4G12770-AT4G12780,2-3,2-3,+IR,0,154,0,148,0,284,3,177,2,193,3,397,IR,AT4G12770,AT4G12780,AT4G12770-AT4G127802-3+IR,586,0,767,8,one,0.0104302477183833
AT2G17320-AT2G17340,4-5,4-5,+IR,1,181,3,164,3,331,0,522,0,542,0,903,IR,AT2G17320,AT2G17340,AT2G17320-AT2G173404-5+IR,676,7,1967,0,one,0.0103550295857988
AT3G22310-AT3G22330,3-4,3-4,+IR,0,91,0,52,0,137,6,237,1,148,1,398,IR,AT3G22310,AT3G22330,AT3G22310-AT3G223303-4+IR,280,0,783,8,one,0.0102171136653895
AT4G32960-AT4G32970,2-3,2-3,+IR,1,106,1,119,2,172,0,25,0,20,0,44,IR,AT4G32960,AT4G32970,AT4G32960-AT4G329702-3+IR,397,4,89,0,one,0.0100755667506297
AT5G22770-AT5G22780,17-18,17-18,+IR,0,338,0,272,0,536,3,372,3,261,5,495,IR,AT5G22770,AT5G22780,AT5G22770-AT5G2278017-18+IR,1146,0,1128,11,one,0.00975177304964539
AT3G13290-AT3G13300,11-12,11-12,+IR,0,44,0,49,0,77,2,257,1,188,5,378,IR,AT3G13290,AT3G13300,AT3G13290-AT3G1330011-12+IR,170,0,823,8,one,0.00972053462940462
AT2G46440-AT2G46450,2-3,2-3,+ALTA,0,173,0,78,0,224,3,248,1,110,2,261,ALTA,AT2G46440,AT2G46450,AT2G46440-AT2G464502-3+ALTA,475,0,619,6,one,0.00969305331179321
AT4G14230-AT4G14240,1-2,1-2,+IR,2,301,3,293,5,441,0,323,0,277,0,564,IR,AT4G14230,AT4G14240,AT4G14230-AT4G142401-2+IR,1035,10,1164,0,one,0.00966183574879227
AT1G67440-AT1G67460,3-4,3-4,+IR,3,151,1,214,3,366,0,22,0,15,0,34,IR,AT1G67440,AT1G67460,AT1G67440-AT1G674603-4+IR,731,7,71,0,one,0.00957592339261286
AT4G27820-AT4G27830,7-8,7-8,+ALTA,0,519,0,244,0,607,5,362,2,267,3,433,ALTA,AT4G27820,AT4G27830,AT4G27820-AT4G278307-8+ALTA,1370,0,1062,10,one,0.00941619585687382
AT1G47550-AT1G47560,23-24,23-24,+IR,3,258,2,343,5,470,0,8,0,12,0,17,IR,AT1G47550,AT1G47560,AT1G47550-AT1G4756023-24+IR,1071,10,37,0,one,0.00933706816059757
AT2G46440-AT2G46450,6-7,6-7,-ALTD,0,132,0,90,0,109,5,401,3,195,2,489,ALTD,AT2G46440,AT2G46450,AT2G46440-AT2G464506-7-ALTD,331,0,1085,10,one,0.00921658986175115
AT5G22770-AT5G22780,22-23,22-23,-ALTA,1,243,3,161,2,260,0,196,0,130,0,266,ALTA,AT5G22770,AT5G22780,AT5G22770-AT5G2278022-23-ALTA,664,6,592,0,one,0.00903614457831325
AT5G28020-AT5G28030,3-4,4-5,+IR,8,836,6,833,14,1434,0,262,0,93,0,300,IR,AT5G28020,AT5G28030,AT5G28020-AT5G280303-4+IR,3103,28,655,0,one,0.00902352562036739
AT3G62740-AT3G62750,6-7,6-7,-ALTA,0,5,0,2,0,5,10,1092,10,1082,16,1890,ALTA,AT3G62740,AT3G62750,AT3G62740-AT3G627506-7-ALTA,12,0,4064,36,one,0.00885826771653543
AT5G27350-AT5G27360,9-10,9-10,+IR,0,972,0,1166,0,1458,2,199,2,184,3,408,IR,AT5G27350,AT5G27360,AT5G27350-AT5G273609-10+IR,3596,0,791,7,one,0.00884955752212389
AT3G03330-AT3G03350,9-10,9-10,+ALTA,1,203,3,224,3,364,0,52,0,44,0,94,ALTA,AT3G03330,AT3G03350,AT3G03330-AT3G033509-10+ALTA,791,7,190,0,one,0.00884955752212389
AT4G23270-AT4G23280,4-5,4-5,+ALTD,6,316,3,515,4,641,0,0,0,3,0,3,ALTD,AT4G23270,AT4G23280,AT4G23270-AT4G232804-5+ALTD,1472,13,6,0,one,0.00883152173913043
AT3G58560-AT3G58580,8-9,8-9,+IR,3,392,3,299,5,564,0,137,0,101,0,201,IR,AT3G58560,AT3G58580,AT3G58560-AT3G585808-9+IR,1255,11,439,0,one,0.00876494023904383
AT5G08370-AT5G08380,5-6,5-6,+IR,2,359,2,240,5,482,0,114,0,126,0,184,IR,AT5G08370,AT5G08380,AT5G08370-AT5G083805-6+IR,1081,9,424,0,one,0.00832562442183164
AT2G46440-AT2G46450,6-7,6-7,+IR,0,132,0,90,0,109,3,403,4,194,2,489,IR,AT2G46440,AT2G46450,AT2G46440-AT2G464506-7+IR,331,0,1086,9,one,0.00828729281767956
AT4G21903-AT4G21910,6-7,6-7,+IR,0,6,0,1,0,5,2,418,4,382,7,769,IR,AT4G21903,AT4G21910,AT4G21903-AT4G219106-7+IR,12,0,1569,13,one,0.0082855321861058
AT2G46280-AT2G46290,2-3,3-4,+IR,6,940,2,670,17,1427,0,24,0,22,0,72,IR,AT2G46280,AT2G46290,AT2G46280-AT2G462902-3+IR,3037,25,118,0,one,0.00823180770497201
AT4G24340-AT4G24350,4-5,4-5,-ALTA,0,2,0,1,0,4,5,586,6,477,4,778,ALTA,AT4G24340,AT4G24350,AT4G24340-AT4G243504-5-ALTA,7,0,1841,15,one,0.00814774579033134
AT1G08890-AT1G08900,5-6,5-6,+IR,0,24,0,42,0,33,4,242,2,277,1,384,IR,AT1G08890,AT1G08900,AT1G08890-AT1G089005-6+IR,99,0,903,7,one,0.00775193798449612
AT4G28860-AT4G28880,9-10,10-11,+ALTD,0,280,0,371,0,540,8,534,1,608,6,868,ALTD,AT4G28860,AT4G28880,AT4G28860-AT4G288809-10+ALTD,1191,0,2010,15,one,0.00746268656716418
AT3G47890-AT3G47910,8-9,8-9,+IR,0,152,0,122,0,277,3,228,1,118,1,325,IR,AT3G47890,AT3G47910,AT3G47890-AT3G479108-9+IR,551,0,671,5,one,0.00745156482861401
AT1G36160-AT1G36180,28-29,28-29,+IR,1,272,2,268,5,541,0,29,0,32,0,51,IR,AT1G36160,AT1G36180,AT1G36160-AT1G3618028-29+IR,1081,8,112,0,one,0.00740055504162812
AT3G05160-AT3G05165,9-10,10-11,+ALTA,0,260,0,254,0,367,2,287,1,289,4,370,ALTA,AT3G05160,AT3G05165,AT3G05160-AT3G051659-10+ALTA,881,0,946,7,one,0.00739957716701903
AT1G36160-AT1G36180,31-32,31-32,+IR,1,320,4,307,4,603,0,24,0,25,0,36,IR,AT1G36160,AT1G36180,AT1G36160-AT1G3618031-32+IR,1230,9,85,0,one,0.00731707317073171
AT1G76520-AT1G76530,6-7,6-7,-ALTA,1,330,3,266,3,362,0,29,0,11,0,38,ALTA,AT1G76520,AT1G76530,AT1G76520-AT1G765306-7-ALTA,958,7,78,0,one,0.00730688935281837
AT3G47890-AT3G47910,7-8,7-8,+ALTA,2,151,1,120,1,279,0,225,0,126,0,344,ALTA,AT3G47890,AT3G47910,AT3G47890-AT3G479107-8+ALTA,550,4,695,0,one,0.00727272727272727
AT1G24265-AT1G24267,13-14,11-12,+IR,0,25,0,23,0,31,1,257,3,203,3,515,IR,AT1G24265,AT1G24267,AT1G24265-AT1G2426713-14+IR,79,0,975,7,one,0.00717948717948718
AT1G76520-AT1G76530,2-3,2-3,-ALTD,2,332,3,298,3,530,0,15,0,10,0,20,ALTD,AT1G76520,AT1G76530,AT1G76520-AT1G765302-3-ALTD,1160,8,45,0,one,0.00689655172413793
AT4G11830-AT4G11840,6-7,5-6,+IR,1,174,1,155,2,255,0,78,0,75,0,90,IR,AT4G11830,AT4G11840,AT4G11830-AT4G118406-7+IR,584,4,243,0,one,0.00684931506849315
AT2G33590-AT2G33600,1-2,1-2,+IR,2,306,1,287,4,448,0,223,0,219,0,448,IR,AT2G33590,AT2G33600,AT2G33590-AT2G336001-2+IR,1041,7,890,0,one,0.00672430355427474
AT1G28570-AT1G28580,3-4,3-4,+ALTA,0,83,0,48,0,70,1,195,1,146,2,260,ALTA,AT1G28570,AT1G28580,AT1G28570-AT1G285803-4+ALTA,201,0,601,4,one,0.00665557404326123
AT4G28860-AT4G28880,2-3,2-3,+IR,0,352,0,422,0,689,5,455,2,753,8,1090,IR,AT4G28860,AT4G28880,AT4G28860-AT4G288802-3+IR,1463,0,2298,15,one,0.00652741514360313
AT1G36160-AT1G36180,22-23,22-23,+IR,1,197,2,219,2,353,0,26,0,9,0,28,IR,AT1G36160,AT1G36180,AT1G36160-AT1G3618022-23+IR,769,5,63,0,one,0.00650195058517555
AT4G28860-AT4G28880,3-4,3-4,+IR,4,376,3,458,3,721,0,398,0,683,0,868,IR,AT4G28860,AT4G28880,AT4G28860-AT4G288803-4+IR,1555,10,1949,0,one,0.00643086816720257
AT4G23270-AT4G23280,2-3,2-3,+ALTA,1,184,2,260,2,350,0,0,0,1,0,1,ALTA,AT4G23270,AT4G23280,AT4G23270-AT4G232802-3+ALTA,794,5,2,0,one,0.00629722921914358
AT1G51760-AT1G51780,1-2,1-2,-ALTD,4,264,1,571,3,451,0,7,0,1,0,1,ALTD,AT1G51760,AT1G51780,AT1G51760-AT1G517801-2-ALTD,1286,8,9,0,one,0.00622083981337481
AT5G17520-AT5G17523,2-3,2-3,+IR,1,202,1,234,3,370,0,119,0,146,0,231,IR,AT5G17520,AT5G17523,AT5G17520-AT5G175232-3+IR,806,5,496,0,one,0.00620347394540943
AT5G18630-AT5G18640,10-11,10-11,-ALTA,2,769,4,1003,12,1222,0,262,0,318,0,383,ALTA,AT5G18630,AT5G18640,AT5G18630-AT5G1864010-11-ALTA,2994,18,963,0,one,0.00601202404809619
AT1G47490-AT1G47500,4-5,4-5,+IR,5,519,2,440,4,900,0,320,0,187,0,516,IR,AT1G47490,AT1G47500,AT1G47490-AT1G475004-5+IR,1859,11,1023,0,one,0.00591715976331361
AT2G14720-AT2G14740,4-5,4-5,+IR,0,347,0,416,0,563,2,263,1,261,3,511,IR,AT2G14720,AT2G14740,AT2G14720-AT2G147404-5+IR,1326,0,1035,6,one,0.00579710144927536
AT5G41360-AT5G41370,6-7,6-7,-ALTA,0,73,0,59,0,107,2,240,1,194,1,258,ALTA,AT5G41360,AT5G41370,AT5G41360-AT5G413706-7-ALTA,239,0,692,4,one,0.00578034682080925
AT2G17190-AT2G17200,1-2,1-2,+IR,0,319,0,336,0,660,1,384,4,390,3,618,IR,AT2G17190,AT2G17200,AT2G17190-AT2G172001-2+IR,1315,0,1392,8,one,0.00574712643678161
AT4G27820-AT4G27830,8-9,8-9,-ALTA,3,417,1,254,3,570,0,403,0,250,0,433,ALTA,AT4G27820,AT4G27830,AT4G27820-AT4G278308-9-ALTA,1241,7,1086,0,one,0.0056406124093473
AT3G58560-AT3G58580,7-8,7-8,+IR,2,355,1,246,3,469,0,141,0,130,0,215,IR,AT3G58560,AT3G58580,AT3G58560-AT3G585807-8+IR,1070,6,486,0,one,0.00560747663551402
AT1G09480-AT1G09490,5-6,4-5,-ALTA,0,12,0,10,0,8,1,312,5,416,1,527,ALTA,AT1G09480,AT1G09490,AT1G09480-AT1G094905-6-ALTA,30,0,1255,7,one,0.00557768924302789
AT1G28570-AT1G28580,2-3,2-3,-ALTD,0,90,0,69,0,132,1,305,1,201,3,391,ALTD,AT1G28570,AT1G28580,AT1G28570-AT1G285802-3-ALTD,291,0,897,5,one,0.00557413600891862
AT4G23420-AT4G23430,5-6,3-4,+ALTA,0,18,0,11,0,20,4,456,1,400,4,763,ALTA,AT4G23420,AT4G23430,AT4G23420-AT4G234305-6+ALTA,49,0,1619,9,one,0.00555898702903027
AT4G34640-AT4G34650,3-4,3-4,+IR,2,314,1,266,3,521,0,67,0,85,0,120,IR,AT4G34640,AT4G34650,AT4G34640-AT4G346503-4+IR,1101,6,272,0,one,0.00544959128065395
AT5G18630-AT5G18640,7-8,7-8,-ALTA,8,735,3,1076,6,1326,0,161,0,298,0,361,ALTA,AT5G18630,AT5G18640,AT5G18630-AT5G186407-8-ALTA,3137,17,820,0,one,0.00541919030921262
AT5G24770-AT5G24780,1-2,1-2,-ALTA,4,298,3,523,2,858,0,65,0,80,0,145,ALTA,AT5G24770,AT5G24780,AT5G24770-AT5G247801-2-ALTA,1679,9,290,0,one,0.0053603335318642
AT2G32870-AT2G32880,5-6,5-6,+ALTA,0,1223,0,910,0,1211,2,1132,2,898,15,1568,ALTA,AT2G32870,AT2G32880,AT2G32870-AT2G328805-6+ALTA,3344,0,3598,19,one,0.00528071150639244
AT3G05160-AT3G05165,9-10,10-11,+IR,0,260,0,254,0,367,1,288,2,288,2,372,IR,AT3G05160,AT3G05165,AT3G05160-AT3G051659-10+IR,881,0,948,5,one,0.00527426160337553
AT1G36160-AT1G36180,16-17,16-17,+IR,1,228,3,289,1,445,0,19,0,10,0,33,IR,AT1G36160,AT1G36180,AT1G36160-AT1G3618016-17+IR,962,5,62,0,one,0.0051975051975052
AT1G53750-AT1G53780,8-9,13-14,+IR,1,1042,5,1151,16,2045,0,280,0,242,0,439,IR,AT1G53750,AT1G53780,AT1G53750-AT1G537808-9+IR,4238,22,961,0,one,0.00519112789051439
AT4G21903-AT4G21910,4-5,4-5,+IR,0,1,0,6,0,2,4,393,2,316,1,640,IR,AT4G21903,AT4G21910,AT4G21903-AT4G219104-5+IR,9,0,1349,7,one,0.00518902891030393
AT1G29350-AT1G29370,2-3,2-3,+IR,0,285,0,390,0,612,3,280,2,359,1,560,IR,AT1G29350,AT1G29370,AT1G29350-AT1G293702-3+IR,1287,0,1199,6,one,0.00500417014178482
AT5G25120-AT5G25130,2-3,2-3,+ALTD,0,237,0,240,0,421,2,157,1,331,1,313,ALTD,AT5G25120,AT5G25130,AT5G25120-AT5G251302-3+ALTD,898,0,801,4,one,0.00499375780274657
AT3G28070-AT3G28080,4-5,4-5,-ALTD,3,442,2,292,2,674,0,323,0,190,0,294,ALTD,AT3G28070,AT3G28080,AT3G28070-AT3G280804-5-ALTD,1408,7,807,0,one,0.00497159090909091
AT4G34640-AT4G34650,6-7,6-7,+IR,1,411,2,312,3,554,0,102,0,103,0,145,IR,AT4G34640,AT4G34650,AT4G34640-AT4G346506-7+IR,1277,6,350,0,one,0.00469851213782302
AT5G27350-AT5G27360,4-5,4-5,-ALTA,8,775,1,920,4,1136,0,136,0,174,0,314,ALTA,AT5G27350,AT5G27360,AT5G27350-AT5G273604-5-ALTA,2831,13,624,0,one,0.00459201695513953
AT4G23270-AT4G23280,1-2,1-2,+ALTD;-ALTA,2,189,1,317,1,374,0,3,0,1,0,0,ALTP,AT4G23270,AT4G23280,AT4G23270-AT4G232801-2+ALTD;-ALTA,880,4,4,0,one,0.00454545454545455
AT1G02300-AT1G02305,2-3,2-3,+IR,0,69,0,82,0,104,6,517,1,514,1,781,IR,AT1G02300,AT1G02305,AT1G02300-AT1G023052-3+IR,255,0,1812,8,one,0.00441501103752759
AT3G05160-AT3G05165,11-12,12-13,+IR,0,227,0,268,0,378,2,340,1,272,1,370,IR,AT3G05160,AT3G05165,AT3G05160-AT3G0516511-12+IR,873,0,982,4,one,0.00407331975560081
AT4G37980-AT4G37990,1-2,1-2,+IR,7,1237,1,1226,13,2742,0,4,0,13,0,1,IR,AT4G37980,AT4G37990,AT4G37980-AT4G379901-2+IR,5205,21,18,0,one,0.00403458213256484
AT5G12950-AT5G12960,7-8,7-8,+ALTD,2,291,1,386,2,564,0,16,0,15,0,18,ALTD,AT5G12950,AT5G12960,AT5G12950-AT5G129607-8+ALTD,1241,5,49,0,one,0.0040290088638195
AT4G27820-AT4G27830,7-8,7-8,-ALTA,0,519,0,244,0,607,1,366,2,267,1,435,ALTA,AT4G27820,AT4G27830,AT4G27820-AT4G278307-8-ALTA,1370,0,1068,4,one,0.00374531835205993
AT4G31480-AT4G31490,4-5,4-5,+IR,0,459,0,447,0,804,2,396,1,281,2,668,IR,AT4G31480,AT4G31490,AT4G31480-AT4G314904-5+IR,1710,0,1345,5,one,0.00371747211895911
AT5G17520-AT5G17523,2-3,2-3,+ALTA,1,202,1,234,1,372,0,119,0,146,0,231,ALTA,AT5G17520,AT5G17523,AT5G17520-AT5G175232-3+ALTA,808,3,496,0,one,0.00371287128712871
AT2G46280-AT2G46290,1-2,2-3,+IR,3,759,3,615,4,1378,0,33,0,21,0,64,IR,AT2G46280,AT2G46290,AT2G46280-AT2G462901-2+IR,2752,10,118,0,one,0.00363372093023256
AT5G25754-AT5G25757,3-4,3-4,+IR,4,600,1,379,2,1003,0,641,0,371,0,999,IR,AT5G25754,AT5G25757,AT5G25754-AT5G257573-4+IR,1982,7,2011,0,one,0.00353178607467205
AT5G28020-AT5G28030,3-4,4-5,+ALTA,1,843,4,835,6,1442,0,262,0,93,0,300,ALTA,AT5G28020,AT5G28030,AT5G28020-AT5G280303-4+ALTA,3120,11,655,0,one,0.00352564102564103
AT1G53750-AT1G53780,9-10,14-15,+IR,3,1102,8,1173,4,1997,0,269,0,262,0,461,IR,AT1G53750,AT1G53780,AT1G53750-AT1G537809-10+IR,4272,15,992,0,one,0.00351123595505618
AT4G28860-AT4G28880,2-3,2-3,+ALTA,2,350,2,420,1,688,0,460,0,755,0,1098,ALTA,AT4G28860,AT4G28880,AT4G28860-AT4G288802-3+ALTA,1458,5,2313,0,one,0.00342935528120713
AT5G27350-AT5G27360,5-6,5-6,-ALTD,3,523,2,717,2,808,0,191,0,190,0,376,ALTD,AT5G27350,AT5G27360,AT5G27350-AT5G273605-6-ALTD,2048,7,757,0,one,0.00341796875
AT2G27960-AT2G27970,2-3,3-4,+ALTA,2,477,3,597,2,1012,0,195,0,112,0,332,ALTA,AT2G27960,AT2G27970,AT2G27960-AT2G279702-3+ALTA,2086,7,639,0,one,0.00335570469798658
AT3G26070-AT3G26080,3-4,3-4,-ALTD,4,1828,7,1543,9,2640,0,241,0,189,0,336,ALTD,AT3G26070,AT3G26080,AT3G26070-AT3G260803-4-ALTD,6011,20,766,0,one,0.00332723340542339
AT1G29350-AT1G29370,7-8,7-8,+IR,0,299,0,338,0,539,2,305,1,331,1,581,IR,AT1G29350,AT1G29370,AT1G29350-AT1G293707-8+IR,1176,0,1217,4,one,0.00328677074774034
AT1G27330-AT1G27350,2-3,2-3,-ALTA,0,493,0,518,0,917,2,389,1,377,2,763,ALTA,AT1G27330,AT1G27350,AT1G27330-AT1G273502-3-ALTA,1928,0,1529,5,one,0.00327011118378025
AT2G45560-AT2G45570,1-2,1-2,+ALTA,1,447,2,389,2,750,0,1,0,7,0,0,ALTA,AT2G45560,AT2G45570,AT2G45560-AT2G455701-2+ALTA,1586,5,8,0,one,0.00315258511979823
AT5G28020-AT5G28030,2-3,3-4,-ALTA,3,939,2,962,6,1647,0,245,0,111,0,365,ALTA,AT5G28020,AT5G28030,AT5G28020-AT5G280302-3-ALTA,3548,11,721,0,one,0.00310033821871477
AT5G07690-AT5G07700,1-2,1-2,-ALTA,1,328,1,224,1,473,0,46,0,22,0,48,ALTA,AT5G07690,AT5G07700,AT5G07690-AT5G077001-2-ALTA,1025,3,116,0,one,0.00292682926829268
AT3G05160-AT3G05165,5-6,6-7,-ALTD,0,258,0,287,0,481,1,454,1,378,2,677,ALTD,AT3G05160,AT3G05165,AT3G05160-AT3G051655-6-ALTD,1026,0,1509,4,one,0.00265076209410205
AT4G37980-AT4G37990,2-3,2-3,-ALTD,3,1313,3,1433,9,2919,0,10,0,15,0,2,ALTD,AT4G37980,AT4G37990,AT4G37980-AT4G379902-3-ALTD,5665,15,27,0,one,0.00264783759929391
AT1G06640-AT1G06650,2-3,2-3,-ALTA,0,246,0,250,0,413,1,670,2,668,3,1036,ALTA,AT1G06640,AT1G06650,AT1G06640-AT1G066502-3-ALTA,909,0,2374,6,one,0.0025273799494524
AT5G12950-AT5G12960,5-6,5-6,-ALTD;-ALTA,2,333,1,580,1,751,0,0,0,1,0,6,ALTP,AT5G12950,AT5G12960,AT5G12950-AT5G129605-6-ALTD;-ALTA,1664,4,7,0,one,0.00240384615384615
AT5G27350-AT5G27360,17-18,17-18,+ALTA,2,1067,3,989,2,1331,0,149,0,117,0,244,ALTA,AT5G27350,AT5G27360,AT5G27350-AT5G2736017-18+ALTA,3387,7,510,0,one,0.00206672571597284
AT1G53750-AT1G53780,5-6,10-11,+IR,3,888,1,809,2,1366,0,206,0,175,0,353,IR,AT1G53750,AT1G53780,AT1G53750-AT1G537805-6+IR,3063,6,734,0,one,0.0019588638589618
AT5G04110-AT5G04130,5-6,11-12,+IR,0,68,0,83,0,134,1,399,1,363,1,775,IR,AT5G04110,AT5G04130,AT5G04110-AT5G041305-6+IR,285,0,1537,3,one,0.00195185426154847
AT2G46280-AT2G46290,7-8,8-9,+IR,2,758,2,550,1,1277,0,22,0,12,0,39,IR,AT2G46280,AT2G46290,AT2G46280-AT2G462907-8+IR,2585,5,73,0,one,0.00193423597678917
AT3G28930-AT3G28940,2-3,2-3,-ALTD,0,394,0,380,0,746,4,1446,3,1682,4,2659,ALTD,AT3G28930,AT3G28940,AT3G28930-AT3G289402-3-ALTD,1520,0,5787,11,one,0.00190081216519786
AT4G14030-AT4G14040,4-5,3-4,-ALTA,0,1138,0,1394,0,1968,7,1830,1,1790,4,2865,ALTA,AT4G14030,AT4G14040,AT4G14030-AT4G140404-5-ALTA,4500,0,6485,12,one,0.00185042405551272
AT5G27350-AT5G27360,10-11,10-11,+ALTD,3,1146,2,1237,1,1533,0,115,0,122,0,237,ALTD,AT5G27350,AT5G27360,AT5G27350-AT5G2736010-11+ALTD,3916,6,474,0,one,0.00153217568947906
AT2G40510-AT2G40590,2-3,2-3,-ALTA,6,2760,4,2516,8,6943,0,1459,0,978,0,3442,ALTA,AT2G40510,AT2G40590,AT2G40510-AT2G405902-3-ALTA,12219,18,5879,0,one,0.00147311563957771
AT1G20693-AT1G20696,2-3,2-3,+IR,5,2212,4,3381,3,5036,0,1710,0,2067,0,3198,IR,AT1G20693,AT1G20696,AT1G20693-AT1G206962-3+IR,10629,12,6975,0,one,0.00112898673440587
AT4G30910-AT4G30920,8-9,8-9,-ALTD,0,162,0,145,0,227,1,1000,2,1074,1,1924,ALTD,AT4G30910,AT4G30920,AT4G30910-AT4G309208-9-ALTD,534,0,3998,4,one,0.00100050025012506
AT1G10360-AT1G10370,1-2,1-2,+ALTA,0,1381,0,1059,0,2185,1,1487,1,945,2,2354,ALTA,AT1G10360,AT1G10370,AT1G10360-AT1G103701-2+ALTA,4625,0,4786,4,one,0.000835770998746344
