uniqID,pair,j1,j2,class,quant_con,qual_con
AT1G02300-AT1G023052-3+IR,AT1G02300-AT1G02305,2-3,2-3,+IR,N,N
AT1G02300-AT1G023055-6+IR,AT1G02300-AT1G02305,5-6,6-7,+IR,N,Y
AT1G02300-AT1G023056-7+IR,AT1G02300-AT1G02305,6-7,7-8,+IR,N,N
AT1G02300-AT1G023057-8+IR,AT1G02300-AT1G02305,7-8,8-9,+IR,N,N
AT1G02300-AT1G023058-9+IR,AT1G02300-AT1G02305,8-9,9-10,+IR,N,Y
AT1G02300-AT1G023059-10+IR,AT1G02300-AT1G02305,9-10,10-11,+IR,N,Y
AT1G02920-AT1G029301-2+IR,AT1G02920-AT1G02930,1-2,1-2,+IR,N,N
AT1G02920-AT1G029302-3+IR,AT1G02920-AT1G02930,2-3,2-3,+IR,N,N
AT1G03400-AT1G034101-2+IR,AT1G03400-AT1G03410,1-2,1-2,+IR,N,Y
AT1G03400-AT1G034102-3+IR,AT1G03400-AT1G03410,2-3,2-3,+IR,N,N
AT1G06640-AT1G066501-2-ALTD,AT1G06640-AT1G06650,1-2,1-2,-ALTD,Y,Y
AT1G06640-AT1G066501-2+IR,AT1G06640-AT1G06650,1-2,1-2,+IR,Y,Y
AT1G06640-AT1G066502-3-ALTA,AT1G06640-AT1G06650,2-3,2-3,-ALTA,N,N
AT1G06640-AT1G066502-3+IR,AT1G06640-AT1G06650,2-3,2-3,+IR,N,Y
AT1G07470-AT1G0748011-12+IR,AT1G07470-AT1G07480,11-12,11-12,+IR,Y,Y
AT1G07470-AT1G074802-3+IR,AT1G07470-AT1G07480,2-3,2-3,+IR,Y,Y
AT1G07470-AT1G074805-6+IR,AT1G07470-AT1G07480,5-6,5-6,+IR,Y,Y
AT1G07470-AT1G074806-7+ALTD,AT1G07470-AT1G07480,6-7,6-7,+ALTD,N,N
AT1G07470-AT1G074806-7+IR,AT1G07470-AT1G07480,6-7,6-7,+IR,N,Y
AT1G07470-AT1G074807-8+IR,AT1G07470-AT1G07480,7-8,7-8,+IR,N,Y
AT1G07470-AT1G074808-9+ALTD,AT1G07470-AT1G07480,8-9,8-9,+ALTD,N,N
AT1G07470-AT1G074808-9+IR,AT1G07470-AT1G07480,8-9,8-9,+IR,N,Y
AT1G07470-AT1G074809-10-ALTA,AT1G07470-AT1G07480,9-10,9-10,-ALTA,N,N
AT1G07470-AT1G074809-10+IR,AT1G07470-AT1G07480,9-10,9-10,+IR,N,N
AT1G08000-AT1G080102-3-ALTA,AT1G08000-AT1G08010,2-3,2-3,-ALTA,Y,Y
AT1G08000-AT1G080102-3+IR,AT1G08000-AT1G08010,2-3,2-3,+IR,N,N
AT1G08890-AT1G089001-2-ALTA,AT1G08890-AT1G08900,1-2,1-2,-ALTA,N,N
AT1G08890-AT1G089001-2+IR,AT1G08890-AT1G08900,1-2,1-2,+IR,N,N
AT1G08890-AT1G0890013-14+IR,AT1G08890-AT1G08900,13-14,13-14,+IR,N,N
AT1G08890-AT1G0890014-15+IR,AT1G08890-AT1G08900,14-15,14-15,+IR,N,N
AT1G08890-AT1G0890015-16+IR,AT1G08890-AT1G08900,15-16,15-16,+IR,N,N
AT1G08890-AT1G0890017-18+IR,AT1G08890-AT1G08900,17-18,17-18,+IR,Y,Y
AT1G08890-AT1G089002-3-ALTA,AT1G08890-AT1G08900,2-3,2-3,-ALTA,N,N
AT1G08890-AT1G089002-3+IR,AT1G08890-AT1G08900,2-3,2-3,+IR,N,N
AT1G08890-AT1G089005-6-ALTA,AT1G08890-AT1G08900,5-6,5-6,-ALTA,N,N
AT1G08890-AT1G089005-6+IR,AT1G08890-AT1G08900,5-6,5-6,+IR,N,N
AT1G08890-AT1G089007-8-ALTA,AT1G08890-AT1G08900,7-8,7-8,-ALTA,N,N
AT1G08890-AT1G089007-8+IR,AT1G08890-AT1G08900,7-8,7-8,+IR,Y,Y
AT1G08890-AT1G089008-9+IR,AT1G08890-AT1G08900,8-9,8-9,+IR,N,Y
AT1G09480-AT1G094902-3+IR,AT1G09480-AT1G09490,2-3,1-2,+IR,N,N
AT1G09480-AT1G094903-4+IR,AT1G09480-AT1G09490,3-4,2-3,+IR,N,N
AT1G09480-AT1G094904-5+IR,AT1G09480-AT1G09490,4-5,3-4,+IR,N,N
AT1G09480-AT1G094905-6-ALTA,AT1G09480-AT1G09490,5-6,4-5,-ALTA,N,N
AT1G09480-AT1G094905-6+IR,AT1G09480-AT1G09490,5-6,4-5,+IR,N,N
AT1G10360-AT1G103701-2-ALTA,AT1G10360-AT1G10370,1-2,1-2,-ALTA,N,N
AT1G10360-AT1G103701-2+ALTA,AT1G10360-AT1G10370,1-2,1-2,+ALTA,N,N
AT1G10360-AT1G103701-2+IR,AT1G10360-AT1G10370,1-2,1-2,+IR,N,Y
AT1G11340-AT1G114104-5+IR,AT1G11340-AT1G11410,4-5,3-4,+IR,N,N
AT1G11340-AT1G114105-6-ALTA,AT1G11340-AT1G11410,5-6,4-5,-ALTA,N,N
AT1G11340-AT1G114105-6+IR,AT1G11340-AT1G11410,5-6,4-5,+IR,N,N
AT1G11340-AT1G114106-7+IR,AT1G11340-AT1G11410,6-7,5-6,+IR,N,Y
AT1G12340-AT1G123902-3+IR,AT1G12340-AT1G12390,2-3,2-3,+IR,N,N
AT1G14120-AT1G141302-3+IR,AT1G14120-AT1G14130,2-3,2-3,+IR,Y,Y
AT1G14240-AT1G142503-4+IR,AT1G14240-AT1G14250,3-4,3-4,+IR,N,N
AT1G14240-AT1G142508-9+IR,AT1G14240-AT1G14250,8-9,8-9,+IR,N,N
AT1G14870-AT1G148801-2+IR,AT1G14870-AT1G14880,1-2,1-2,+IR,N,N
AT1G14870-AT1G148802-3+IR,AT1G14870-AT1G14880,2-3,2-3,+IR,N,N
AT1G14870-AT1G148803-4+IR,AT1G14870-AT1G14880,3-4,3-4,+IR,N,Y
AT1G17990-AT1G180201-2+ALTA,AT1G17990-AT1G18020,1-2,1-2,+ALTA,Y,Y
AT1G17990-AT1G180201-2+IR,AT1G17990-AT1G18020,1-2,1-2,+IR,N,Y
AT1G17990-AT1G180202-3-ALTA,AT1G17990-AT1G18020,2-3,2-3,-ALTA,Y,Y
AT1G17990-AT1G180202-3+IR,AT1G17990-AT1G18020,2-3,2-3,+IR,Y,Y
AT1G17990-AT1G180203-4-ALTA,AT1G17990-AT1G18020,3-4,3-4,-ALTA,Y,Y
AT1G17990-AT1G180203-4+IR,AT1G17990-AT1G18020,3-4,3-4,+IR,Y,Y
AT1G17990-AT1G180204-5+IR,AT1G17990-AT1G18020,4-5,4-5,+IR,Y,Y
AT1G20693-AT1G206962-3+IR,AT1G20693-AT1G20696,2-3,2-3,+IR,N,N
AT1G20693-AT1G206966-7-ALTD;+ALTA,AT1G20693-AT1G20696,6-7,6-7,-ALTD;+ALTA,N,N
AT1G20693-AT1G206966-7+IR,AT1G20693-AT1G20696,6-7,6-7,+IR,N,Y
AT1G22360-AT1G223701-2-ALTA,AT1G22360-AT1G22370,1-2,1-2,-ALTA,N,N
AT1G22360-AT1G223701-2+IR,AT1G22360-AT1G22370,1-2,1-2,+IR,N,Y
AT1G22550-AT1G225701-2+IR,AT1G22550-AT1G22570,1-2,1-2,+IR,N,N
AT1G22550-AT1G225702-3+IR,AT1G22550-AT1G22570,2-3,2-3,+IR,N,N
AT1G22550-AT1G225703-4+IR,AT1G22550-AT1G22570,3-4,3-4,+IR,N,Y
AT1G22970-AT1G229803-4+IR,AT1G22970-AT1G22980,3-4,3-4,+IR,N,N
AT1G23900-AT1G239403-4-ALTA,AT1G23900-AT1G23940,3-4,5-6,-ALTA,N,N
AT1G23900-AT1G239403-4+IR,AT1G23900-AT1G23940,3-4,5-6,+IR,N,N
AT1G23900-AT1G239405-6+IR,AT1G23900-AT1G23940,5-6,7-8,+IR,N,N
AT1G23950-AT1G239701-2+IR,AT1G23950-AT1G23970,1-2,1-2,+IR,N,Y
AT1G23950-AT1G239702-3+IR,AT1G23950-AT1G23970,2-3,2-3,+IR,N,N
AT1G23950-AT1G239703-4-ALTA,AT1G23950-AT1G23970,3-4,3-4,-ALTA,N,N
AT1G23950-AT1G239703-4-ALTD,AT1G23950-AT1G23970,3-4,3-4,-ALTD,N,Y
AT1G23950-AT1G239703-4+IR,AT1G23950-AT1G23970,3-4,3-4,+IR,Y,Y
AT1G23950-AT1G239705-6+IR,AT1G23950-AT1G23970,5-6,5-6,+IR,N,N
AT1G24265-AT1G2426712-13+IR,AT1G24265-AT1G24267,12-13,10-11,+IR,N,N
AT1G24265-AT1G2426713-14+ALTA,AT1G24265-AT1G24267,13-14,11-12,+ALTA,N,N
AT1G24265-AT1G2426713-14+IR,AT1G24265-AT1G24267,13-14,11-12,+IR,N,N
AT1G24265-AT1G2426714-15+IR,AT1G24265-AT1G24267,14-15,12-13,+IR,N,N
AT1G24265-AT1G242675-6+IR,AT1G24265-AT1G24267,5-6,3-4,+IR,N,N
AT1G24265-AT1G242676-7+IR,AT1G24265-AT1G24267,6-7,4-5,+IR,N,N
AT1G24265-AT1G242678-9+ALTA,AT1G24265-AT1G24267,8-9,6-7,+ALTA,N,N
AT1G24265-AT1G242678-9+IR,AT1G24265-AT1G24267,8-9,6-7,+IR,N,N
AT1G27020-AT1G270303-4+IR,AT1G27020-AT1G27030,3-4,3-4,+IR,N,N
AT1G27020-AT1G270304-5+IR,AT1G27020-AT1G27030,4-5,4-5,+IR,N,N
AT1G27110-AT1G271502-3+IR,AT1G27110-AT1G27150,2-3,1-2,+IR,N,N
AT1G27170-AT1G271801-2+IR,AT1G27170-AT1G27180,1-2,2-3,+IR,N,N
AT1G27170-AT1G271802-3+IR,AT1G27170-AT1G27180,2-3,3-4,+IR,N,N
AT1G27170-AT1G271803-4+IR,AT1G27170-AT1G27180,3-4,4-5,+IR,Y,Y
AT1G27170-AT1G271804-5+IR,AT1G27170-AT1G27180,4-5,5-6,+IR,Y,Y
AT1G27330-AT1G273502-3-ALTA,AT1G27330-AT1G27350,2-3,2-3,-ALTA,N,N
AT1G27330-AT1G273502-3-ALTD,AT1G27330-AT1G27350,2-3,2-3,-ALTD,N,N
AT1G27330-AT1G273502-3+IR,AT1G27330-AT1G27350,2-3,2-3,+IR,Y,Y
AT1G27360-AT1G273701-2+IR,AT1G27360-AT1G27370,1-2,1-2,+IR,Y,Y
AT1G27360-AT1G273703-4+IR,AT1G27360-AT1G27370,3-4,3-4,+IR,N,N
AT1G27940-AT1G280102-3+IR,AT1G27940-AT1G28010,2-3,2-3,+IR,N,N
AT1G27940-AT1G280108-9+IR,AT1G27940-AT1G28010,8-9,8-9,+IR,N,N
AT1G28570-AT1G285801-2+IR,AT1G28570-AT1G28580,1-2,1-2,+IR,N,N
AT1G28570-AT1G285802-3-ALTD,AT1G28570-AT1G28580,2-3,2-3,-ALTD,N,N
AT1G28570-AT1G285802-3+IR,AT1G28570-AT1G28580,2-3,2-3,+IR,Y,Y
AT1G28570-AT1G285803-4+ALTA,AT1G28570-AT1G28580,3-4,3-4,+ALTA,N,N
AT1G28570-AT1G285803-4+IR,AT1G28570-AT1G28580,3-4,3-4,+IR,Y,Y
AT1G28570-AT1G285804-5-ALTA,AT1G28570-AT1G28580,4-5,4-5,-ALTA,N,N
AT1G28570-AT1G285804-5+IR,AT1G28570-AT1G28580,4-5,4-5,+IR,Y,Y
AT1G29350-AT1G293701-2+IR,AT1G29350-AT1G29370,1-2,1-2,+IR,Y,Y
AT1G29350-AT1G293702-3+IR,AT1G29350-AT1G29370,2-3,2-3,+IR,N,N
AT1G29350-AT1G293704-5+IR,AT1G29350-AT1G29370,4-5,4-5,+IR,N,N
AT1G29350-AT1G293705-6+IR,AT1G29350-AT1G29370,5-6,5-6,+IR,N,N
AT1G29350-AT1G293707-8-ALTA,AT1G29350-AT1G29370,7-8,7-8,-ALTA,Y,Y
AT1G29350-AT1G293707-8+IR,AT1G29350-AT1G29370,7-8,7-8,+IR,N,N
AT1G29350-AT1G293708-9+IR,AT1G29350-AT1G29370,8-9,8-9,+IR,Y,Y
AT1G29350-AT1G293709-10+IR,AT1G29350-AT1G29370,9-10,9-10,+IR,Y,Y
AT1G29390-AT1G293952-3+IR,AT1G29390-AT1G29395,2-3,2-3,+IR,N,Y
AT1G29390-AT1G293953-4+IR,AT1G29390-AT1G29395,3-4,3-4,+IR,N,N
AT1G29390-AT1G293954-5+IR,AT1G29390-AT1G29395,4-5,4-5,+IR,Y,Y
AT1G29390-AT1G293955-6+IR,AT1G29390-AT1G29395,5-6,5-6,+IR,Y,Y
AT1G29550-AT1G295902-3+IR,AT1G29550-AT1G29590,2-3,2-3,+IR,N,N
AT1G29550-AT1G295903-4+IR,AT1G29550-AT1G29590,3-4,3-4,+IR,N,N
AT1G29550-AT1G295904-5+IR,AT1G29550-AT1G29590,4-5,4-5,+IR,N,N
AT1G29730-AT1G2974020-21+IR,AT1G29730-AT1G29740,20-21,21-22,+IR,N,N
AT1G29730-AT1G2974023-24+IR,AT1G29730-AT1G29740,23-24,24-25,+IR,N,N
AT1G30410-AT1G3042014-15+IR,AT1G30410-AT1G30420,14-15,12-13,+IR,N,N
AT1G30410-AT1G3042016-17-ALTA,AT1G30410-AT1G30420,16-17,14-15,-ALTA,N,N
AT1G30410-AT1G3042016-17+IR,AT1G30410-AT1G30420,16-17,14-15,+IR,N,N
AT1G30410-AT1G3042018-19+ALTA,AT1G30410-AT1G30420,18-19,16-17,+ALTA,N,N
AT1G30410-AT1G3042018-19+IR,AT1G30410-AT1G30420,18-19,16-17,+IR,N,N
AT1G30410-AT1G3042020-21+IR,AT1G30410-AT1G30420,20-21,18-19,+IR,N,N
AT1G30410-AT1G3042021-22+ALTA,AT1G30410-AT1G30420,21-22,19-20,+ALTA,N,Y
AT1G30410-AT1G3042021-22+IR,AT1G30410-AT1G30420,21-22,19-20,+IR,N,N
AT1G30410-AT1G3042024-25-ALTD,AT1G30410-AT1G30420,24-25,22-23,-ALTD,N,N
AT1G30410-AT1G3042024-25+IR,AT1G30410-AT1G30420,24-25,22-23,+IR,N,Y
AT1G30410-AT1G3042026-27+ALTD,AT1G30410-AT1G30420,26-27,24-25,+ALTD,N,N
AT1G30410-AT1G3042026-27+IR,AT1G30410-AT1G30420,26-27,24-25,+IR,N,N
AT1G30410-AT1G304203-4+IR,AT1G30410-AT1G30420,3-4,1-2,+IR,N,N
AT1G30410-AT1G304206-7+ALTD,AT1G30410-AT1G30420,6-7,4-5,+ALTD,N,N
AT1G31280-AT1G312901-2-ALTA,AT1G31280-AT1G31290,1-2,1-2,-ALTA,N,N
AT1G31280-AT1G312902-3+IR,AT1G31280-AT1G31290,2-3,2-3,+IR,N,N
AT1G31690-AT1G317103-4+IR,AT1G31690-AT1G31710,3-4,3-4,+IR,N,N
AT1G31690-AT1G317104-5+IR,AT1G31690-AT1G31710,4-5,4-5,+IR,N,N
AT1G34040-AT1G340601-2+IR,AT1G34040-AT1G34060,1-2,1-2,+IR,N,N
AT1G34040-AT1G340603-4+IR,AT1G34040-AT1G34060,3-4,3-4,+IR,N,N
AT1G34180-AT1G341904-5+IR,AT1G34180-AT1G34190,4-5,3-4,+IR,N,N
AT1G35170-AT1G351801-2+IR,AT1G35170-AT1G35180,1-2,1-2,+IR,N,N
AT1G36160-AT1G3618016-17+IR,AT1G36160-AT1G36180,16-17,16-17,+IR,N,N
AT1G36160-AT1G3618017-18+IR,AT1G36160-AT1G36180,17-18,17-18,+IR,N,N
AT1G36160-AT1G3618022-23-ALTD,AT1G36160-AT1G36180,22-23,22-23,-ALTD,N,N
AT1G36160-AT1G3618022-23+IR,AT1G36160-AT1G36180,22-23,22-23,+IR,N,N
AT1G36160-AT1G3618028-29-ALTD;+ALTA,AT1G36160-AT1G36180,28-29,28-29,-ALTD;+ALTA,N,N
AT1G36160-AT1G3618028-29+IR,AT1G36160-AT1G36180,28-29,28-29,+IR,N,N
AT1G36160-AT1G3618030-31+IR,AT1G36160-AT1G36180,30-31,30-31,+IR,N,N
AT1G36160-AT1G3618031-32+IR,AT1G36160-AT1G36180,31-32,31-32,+IR,N,N
AT1G36160-AT1G361806-7+ALTD,AT1G36160-AT1G36180,6-7,6-7,+ALTD,N,N
AT1G36160-AT1G361806-7+IR,AT1G36160-AT1G36180,6-7,6-7,+IR,N,N
AT1G38065-AT1G381314-5+IR,AT1G38065-AT1G38131,4-5,5-6,+IR,Y,Y
AT1G38065-AT1G381318-9+IR,AT1G38065-AT1G38131,8-9,9-10,+IR,Y,Y
AT1G47490-AT1G475001-2+IR,AT1G47490-AT1G47500,1-2,1-2,+IR,N,N
AT1G47490-AT1G475002-3+IR,AT1G47490-AT1G47500,2-3,2-3,+IR,N,Y
AT1G47490-AT1G475003-4+IR,AT1G47490-AT1G47500,3-4,3-4,+IR,N,Y
AT1G47490-AT1G475004-5+IR,AT1G47490-AT1G47500,4-5,4-5,+IR,N,N
AT1G47490-AT1G475005-6+IR,AT1G47490-AT1G47500,5-6,5-6,+IR,Y,Y
AT1G47550-AT1G475601-2+IR,AT1G47550-AT1G47560,1-2,1-2,+IR,N,N
AT1G47550-AT1G4756010-11+IR,AT1G47550-AT1G47560,10-11,10-11,+IR,N,N
AT1G47550-AT1G4756017-18-ALTD,AT1G47550-AT1G47560,17-18,17-18,-ALTD,N,N
AT1G47550-AT1G4756017-18+IR,AT1G47550-AT1G47560,17-18,17-18,+IR,N,N
AT1G47550-AT1G4756021-22+IR,AT1G47550-AT1G47560,21-22,21-22,+IR,N,N
AT1G47550-AT1G4756023-24+IR,AT1G47550-AT1G47560,23-24,23-24,+IR,N,N
AT1G47550-AT1G475603-4+ALTD,AT1G47550-AT1G47560,3-4,3-4,+ALTD,N,N
AT1G48210-AT1G482206-7+IR,AT1G48210-AT1G48220,6-7,5-6,+IR,N,N
AT1G51760-AT1G517801-2-ALTD,AT1G51760-AT1G51780,1-2,1-2,-ALTD,N,N
AT1G51760-AT1G517801-2+IR,AT1G51760-AT1G51780,1-2,1-2,+IR,N,N
AT1G52430-AT1G524502-3+IR,AT1G52430-AT1G52450,2-3,2-3,+IR,N,N
AT1G53430-AT1G534401-2+IR,AT1G53430-AT1G53440,1-2,1-2,+IR,N,N
AT1G53430-AT1G5344017-18+IR,AT1G53430-AT1G53440,17-18,17-18,+IR,Y,Y
AT1G53430-AT1G5344018-19+IR,AT1G53430-AT1G53440,18-19,18-19,+IR,N,N
AT1G53430-AT1G5344019-20+IR,AT1G53430-AT1G53440,19-20,19-20,+IR,N,N
AT1G53430-AT1G5344021-22+IR,AT1G53430-AT1G53440,21-22,21-22,+IR,N,Y
AT1G53430-AT1G5344022-23+IR,AT1G53430-AT1G53440,22-23,22-23,+IR,N,Y
AT1G53430-AT1G534404-5+IR,AT1G53430-AT1G53440,4-5,4-5,+IR,N,N
AT1G53430-AT1G534405-6+IR,AT1G53430-AT1G53440,5-6,5-6,+IR,N,N
AT1G53430-AT1G534406-7+IR,AT1G53430-AT1G53440,6-7,6-7,+IR,N,N
AT1G53430-AT1G534407-8+IR,AT1G53430-AT1G53440,7-8,7-8,+IR,N,N
AT1G53430-AT1G534408-9+IR,AT1G53430-AT1G53440,8-9,8-9,+IR,N,N
AT1G53750-AT1G537803-4+IR,AT1G53750-AT1G53780,3-4,8-9,+IR,N,N
AT1G53750-AT1G537804-5+ALTA,AT1G53750-AT1G53780,4-5,9-10,+ALTA,N,N
AT1G53750-AT1G537805-6+IR,AT1G53750-AT1G53780,5-6,10-11,+IR,N,N
AT1G53750-AT1G537807-8+ALTD,AT1G53750-AT1G53780,7-8,12-13,+ALTD,N,N
AT1G53750-AT1G537807-8+IR,AT1G53750-AT1G53780,7-8,12-13,+IR,N,N
AT1G53750-AT1G537808-9+IR,AT1G53750-AT1G53780,8-9,13-14,+IR,N,N
AT1G53750-AT1G537809-10+IR,AT1G53750-AT1G53780,9-10,14-15,+IR,N,N
AT1G53870-AT1G538901-2+ALTD;+ALTA,AT1G53870-AT1G53890,1-2,1-2,+ALTD;+ALTA,N,N
AT1G53870-AT1G538901-2+IR,AT1G53870-AT1G53890,1-2,1-2,+IR,N,Y
AT1G53885-AT1G539031-2+IR,AT1G53885-AT1G53903,1-2,1-2,+IR,Y,Y
AT1G54580-AT1G546301-2+IR,AT1G54580-AT1G54630,1-2,1-2,+IR,Y,Y
AT1G54580-AT1G546302-3+IR,AT1G54580-AT1G54630,2-3,2-3,+IR,N,Y
AT1G54580-AT1G546303-4+IR,AT1G54580-AT1G54630,3-4,3-4,+IR,N,Y
AT1G55980-AT1G560007-8+IR,AT1G55980-AT1G56000,7-8,1-2,+IR,Y,Y
AT1G55980-AT1G560008-9+IR,AT1G55980-AT1G56000,8-9,2-3,+IR,Y,Y
AT1G56130-AT1G5614011-12+ALTA,AT1G56130-AT1G56140,11-12,11-12,+ALTA,N,N
AT1G56130-AT1G5614011-12+IR,AT1G56130-AT1G56140,11-12,11-12,+IR,Y,Y
AT1G56130-AT1G5614018-19-ALTA,AT1G56130-AT1G56140,18-19,18-19,-ALTA,N,N
AT1G56130-AT1G5614021-22+IR,AT1G56130-AT1G56140,21-22,21-22,+IR,N,N
AT1G56130-AT1G5614022-23+IR,AT1G56130-AT1G56140,22-23,22-23,+IR,N,N
AT1G56130-AT1G561403-4+IR,AT1G56130-AT1G56140,3-4,3-4,+IR,N,N
AT1G56130-AT1G561409-10+IR,AT1G56130-AT1G56140,9-10,9-10,+IR,N,N
AT1G56510-AT1G565201-2-ALTA,AT1G56510-AT1G56520,1-2,1-2,-ALTA,N,N
AT1G56510-AT1G565201-2+ALTD,AT1G56510-AT1G56520,1-2,1-2,+ALTD,N,N
AT1G56510-AT1G565201-2+IR,AT1G56510-AT1G56520,1-2,1-2,+IR,Y,Y
AT1G58848-AT1G592181-2+ALTA,AT1G58848-AT1G59218,1-2,1-2,+ALTA,N,Y
AT1G58848-AT1G592181-2+IR,AT1G58848-AT1G59218,1-2,1-2,+IR,N,Y
AT1G58848-AT1G592182-3+ALTD,AT1G58848-AT1G59218,2-3,2-3,+ALTD,Y,Y
AT1G58848-AT1G592182-3+IR,AT1G58848-AT1G59218,2-3,2-3,+IR,Y,Y
AT1G58848-AT1G592184-5+ALTA,AT1G58848-AT1G59218,4-5,4-5,+ALTA,Y,Y
AT1G58848-AT1G592184-5+IR,AT1G58848-AT1G59218,4-5,4-5,+IR,Y,Y
AT1G59950-AT1G599601-2+IR,AT1G59950-AT1G59960,1-2,1-2,+IR,N,N
AT1G61420-AT1G614603-4+ALTA,AT1G61420-AT1G61460,3-4,4-5,+ALTA,N,N
AT1G63470-AT1G634801-2+IR,AT1G63470-AT1G63480,1-2,1-2,+IR,N,N
AT1G63470-AT1G634802-3+IR,AT1G63470-AT1G63480,2-3,2-3,+IR,Y,Y
AT1G63470-AT1G634803-4+IR,AT1G63470-AT1G63480,3-4,3-4,+IR,N,N
AT1G63470-AT1G634804-5+IR,AT1G63470-AT1G63480,4-5,4-5,+IR,N,N
AT1G65110-AT1G6512011-12+IR,AT1G65110-AT1G65120,11-12,10-11,+IR,N,N
AT1G65790-AT1G658001-2+IR,AT1G65790-AT1G65800,1-2,1-2,+IR,N,Y
AT1G65790-AT1G658003-4+IR,AT1G65790-AT1G65800,3-4,3-4,+IR,N,Y
AT1G65790-AT1G658004-5+IR,AT1G65790-AT1G65800,4-5,4-5,+IR,Y,Y
AT1G65790-AT1G658005-6+IR,AT1G65790-AT1G65800,5-6,5-6,+IR,Y,Y
AT1G65790-AT1G658006-7+IR,AT1G65790-AT1G65800,6-7,6-7,+IR,N,N
AT1G66690-AT1G667001-2+IR,AT1G66690-AT1G66700,1-2,1-2,+IR,N,N
AT1G67440-AT1G674602-3-ALTA,AT1G67440-AT1G67460,2-3,2-3,-ALTA,N,N
AT1G67440-AT1G674602-3+IR,AT1G67440-AT1G67460,2-3,2-3,+IR,N,N
AT1G67440-AT1G674603-4+IR,AT1G67440-AT1G67460,3-4,3-4,+IR,N,N
AT1G67650-AT1G676801-2+IR,AT1G67650-AT1G67680,1-2,1-2,+IR,N,N
AT1G67650-AT1G676802-3+IR,AT1G67650-AT1G67680,2-3,2-3,+IR,N,Y
AT1G67650-AT1G676803-4+IR,AT1G67650-AT1G67680,3-4,3-4,+IR,N,N
AT1G67650-AT1G676805-6+IR,AT1G67650-AT1G67680,5-6,5-6,+IR,N,N
AT1G70670-AT1G706802-3+IR,AT1G70670-AT1G70680,2-3,2-3,+IR,N,N
AT1G70670-AT1G706805-6+IR,AT1G70670-AT1G70680,5-6,5-6,+IR,N,N
AT1G71270-AT1G7130018-19+IR,AT1G71270-AT1G71300,18-19,17-18,+IR,N,Y
AT1G73450-AT1G734601-2+IR,AT1G73450-AT1G73460,1-2,1-2,+IR,N,N
AT1G73450-AT1G734603-4+IR,AT1G73450-AT1G73460,3-4,3-4,+IR,N,N
AT1G73450-AT1G734605-6+IR,AT1G73450-AT1G73460,5-6,5-6,+IR,N,N
AT1G74000-AT1G740201-2+IR,AT1G74000-AT1G74020,1-2,1-2,+IR,N,N
AT1G74280-AT1G742901-2+IR,AT1G74280-AT1G74290,1-2,1-2,+IR,N,N
AT1G75030-AT1G750501-2+IR,AT1G75030-AT1G75050,1-2,1-2,+IR,N,N
AT1G75880-AT1G758901-2+IR,AT1G75880-AT1G75890,1-2,1-2,+IR,N,Y
AT1G75880-AT1G758902-3-ALTA,AT1G75880-AT1G75890,2-3,2-3,-ALTA,N,N
AT1G75880-AT1G758902-3-ALTD,AT1G75880-AT1G75890,2-3,2-3,-ALTD,N,N
AT1G75880-AT1G758902-3+IR,AT1G75880-AT1G75890,2-3,2-3,+IR,N,N
AT1G76520-AT1G765302-3-ALTD,AT1G76520-AT1G76530,2-3,2-3,-ALTD,N,N
AT1G76520-AT1G765302-3+IR,AT1G76520-AT1G76530,2-3,2-3,+IR,N,N
AT1G76520-AT1G765305-6+ALTA,AT1G76520-AT1G76530,5-6,5-6,+ALTA,N,N
AT1G76520-AT1G765305-6+IR,AT1G76520-AT1G76530,5-6,5-6,+IR,N,N
AT1G76520-AT1G765306-7-ALTA,AT1G76520-AT1G76530,6-7,6-7,-ALTA,N,N
AT1G76520-AT1G765306-7+IR,AT1G76520-AT1G76530,6-7,6-7,+IR,N,Y
AT1G76520-AT1G765307-8+IR,AT1G76520-AT1G76530,7-8,7-8,+IR,N,Y
AT1G76520-AT1G765308-9+IR,AT1G76520-AT1G76530,8-9,8-9,+IR,N,N
AT1G76520-AT1G765309-10+IR,AT1G76520-AT1G76530,9-10,9-10,+IR,N,Y
AT1G76680-AT1G766901-2+IR,AT1G76680-AT1G76690,1-2,2-3,+IR,Y,Y
AT2G02380-AT2G023903-4-ALTA,AT2G02380-AT2G02390,3-4,3-4,-ALTA,N,N
AT2G02380-AT2G023903-4+IR,AT2G02380-AT2G02390,3-4,3-4,+IR,N,N
AT2G02380-AT2G023909-10+IR,AT2G02380-AT2G02390,9-10,9-10,+IR,N,N
AT2G04066-AT2G040802-3+IR,AT2G04066-AT2G04080,2-3,5-6,+IR,N,N
AT2G05230-AT2G052501-2+IR,AT2G05230-AT2G05250,1-2,1-2,+IR,Y,Y
AT2G13790-AT2G1380010-11+IR,AT2G13790-AT2G13800,10-11,10-11,+IR,N,Y
AT2G13790-AT2G138004-5+IR,AT2G13790-AT2G13800,4-5,4-5,+IR,Y,Y
AT2G13790-AT2G138008-9+IR,AT2G13790-AT2G13800,8-9,8-9,+IR,N,N
AT2G14720-AT2G147401-2-ALTA,AT2G14720-AT2G14740,1-2,1-2,-ALTA,N,N
AT2G14720-AT2G147401-2+IR,AT2G14720-AT2G14740,1-2,1-2,+IR,N,N
AT2G14720-AT2G1474010-11+IR,AT2G14720-AT2G14740,10-11,10-11,+IR,N,N
AT2G14720-AT2G1474011-12+IR,AT2G14720-AT2G14740,11-12,11-12,+IR,N,N
AT2G14720-AT2G147402-3+IR,AT2G14720-AT2G14740,2-3,2-3,+IR,N,N
AT2G14720-AT2G147404-5+IR,AT2G14720-AT2G14740,4-5,4-5,+IR,N,N
AT2G14720-AT2G147406-7+IR,AT2G14720-AT2G14740,6-7,6-7,+IR,N,N
AT2G14720-AT2G147407-8+IR,AT2G14720-AT2G14740,7-8,7-8,+IR,Y,Y
AT2G14720-AT2G147408-9+IR,AT2G14720-AT2G14740,8-9,8-9,+IR,N,N
AT2G15400-AT2G154301-2+IR,AT2G15400-AT2G15430,1-2,1-2,+IR,N,N
AT2G15400-AT2G154302-3+IR,AT2G15400-AT2G15430,2-3,2-3,+IR,N,N
AT2G17190-AT2G172001-2+IR,AT2G17190-AT2G17200,1-2,1-2,+IR,N,N
AT2G17190-AT2G172002-3+ALTD,AT2G17190-AT2G17200,2-3,2-3,+ALTD,N,N
AT2G17190-AT2G172002-3+IR,AT2G17190-AT2G17200,2-3,2-3,+IR,N,Y
AT2G17190-AT2G172007-8+IR,AT2G17190-AT2G17200,7-8,7-8,+IR,Y,Y
AT2G17320-AT2G173401-2+IR,AT2G17320-AT2G17340,1-2,1-2,+IR,N,Y
AT2G17320-AT2G1734010-11+IR,AT2G17320-AT2G17340,10-11,10-11,+IR,N,N
AT2G17320-AT2G1734011-12-ALTD,AT2G17320-AT2G17340,11-12,11-12,-ALTD,N,N
AT2G17320-AT2G1734011-12+IR,AT2G17320-AT2G17340,11-12,11-12,+IR,N,Y
AT2G17320-AT2G173403-4+IR,AT2G17320-AT2G17340,3-4,3-4,+IR,N,N
AT2G17320-AT2G173404-5+IR,AT2G17320-AT2G17340,4-5,4-5,+IR,N,N
AT2G17320-AT2G173406-7-ALTA,AT2G17320-AT2G17340,6-7,6-7,-ALTA,N,Y
AT2G17320-AT2G173406-7+IR,AT2G17320-AT2G17340,6-7,6-7,+IR,N,Y
AT2G17320-AT2G173407-8+IR,AT2G17320-AT2G17340,7-8,7-8,+IR,N,N
AT2G17320-AT2G173408-9+IR,AT2G17320-AT2G17340,8-9,8-9,+IR,N,N
AT2G17320-AT2G173409-10+IR,AT2G17320-AT2G17340,9-10,9-10,+IR,N,N
AT2G20120-AT2G201301-2+IR,AT2G20120-AT2G20130,1-2,1-2,+IR,N,N
AT2G20120-AT2G201302-3+IR,AT2G20120-AT2G20130,2-3,2-3,+IR,Y,Y
AT2G20120-AT2G201303-4+IR,AT2G20120-AT2G20130,3-4,3-4,+IR,Y,Y
AT2G20120-AT2G201304-5+IR,AT2G20120-AT2G20130,4-5,4-5,+IR,N,N
AT2G20120-AT2G201305-6+IR,AT2G20120-AT2G20130,5-6,5-6,+IR,Y,Y
AT2G20120-AT2G201306-7+IR,AT2G20120-AT2G20130,6-7,6-7,+IR,N,N
AT2G20550-AT2G205602-3+IR,AT2G20550-AT2G20560,2-3,2-3,+IR,N,N
AT2G21250-AT2G212604-5+IR,AT2G21250-AT2G21260,4-5,4-5,+IR,N,N
AT2G26740-AT2G267501-2+IR,AT2G26740-AT2G26750,1-2,1-2,+IR,N,N
AT2G26740-AT2G267502-3+IR,AT2G26740-AT2G26750,2-3,2-3,+IR,N,Y
AT2G27960-AT2G279701-2+ALTA;-ALTD,AT2G27960-AT2G27970,1-2,2-3,+ALTA;-ALTD,N,N
AT2G27960-AT2G279701-2+IR,AT2G27960-AT2G27970,1-2,2-3,+IR,N,Y
AT2G27960-AT2G279702-3+ALTA,AT2G27960-AT2G27970,2-3,3-4,+ALTA,N,N
AT2G27960-AT2G279702-3+IR,AT2G27960-AT2G27970,2-3,3-4,+IR,N,Y
AT2G29100-AT2G291103-4+IR,AT2G29100-AT2G29110,3-4,3-4,+IR,N,N
AT2G29100-AT2G291104-5+IR,AT2G29100-AT2G29110,4-5,4-5,+IR,N,N
AT2G29190-AT2G292001-2-ALTA,AT2G29190-AT2G29200,1-2,1-2,-ALTA,N,N
AT2G29190-AT2G292006-7+IR,AT2G29190-AT2G29200,6-7,6-7,+IR,N,N
AT2G29190-AT2G292009-10+IR,AT2G29190-AT2G29200,9-10,9-10,+IR,N,N
AT2G29300-AT2G293201-2+IR,AT2G29300-AT2G29320,1-2,1-2,+IR,N,Y
AT2G29300-AT2G293202-3+IR,AT2G29300-AT2G29320,2-3,2-3,+IR,N,Y
AT2G29300-AT2G293203-4+ALTA,AT2G29300-AT2G29320,3-4,3-4,+ALTA,N,Y
AT2G29300-AT2G293203-4+IR,AT2G29300-AT2G29320,3-4,3-4,+IR,N,Y
AT2G29300-AT2G293204-5+IR,AT2G29300-AT2G29320,4-5,4-5,+IR,N,Y
AT2G29480-AT2G294901-2+IR,AT2G29480-AT2G29490,1-2,1-2,+IR,N,N
AT2G30140-AT2G301501-2-ALTA,AT2G30140-AT2G30150,1-2,1-2,-ALTA,N,N
AT2G30140-AT2G301501-2+IR,AT2G30140-AT2G30150,1-2,1-2,+IR,N,Y
AT2G30730-AT2G307401-2+IR,AT2G30730-AT2G30740,1-2,3-4,+IR,N,N
AT2G30750-AT2G307703-4+IR,AT2G30750-AT2G30770,3-4,3-4,+IR,N,N
AT2G32160-AT2G321701-2+IR,AT2G32160-AT2G32170,1-2,1-2,+IR,N,N
AT2G32160-AT2G3217010-11+IR,AT2G32160-AT2G32170,10-11,11-12,+IR,N,N
AT2G32160-AT2G3217011-12+IR,AT2G32160-AT2G32170,11-12,12-13,+IR,N,Y
AT2G32160-AT2G3217012-13-ALTA,AT2G32160-AT2G32170,12-13,13-14,-ALTA,N,Y
AT2G32160-AT2G3217012-13+IR,AT2G32160-AT2G32170,12-13,13-14,+IR,N,N
AT2G32160-AT2G3217013-14-ALTA,AT2G32160-AT2G32170,13-14,14-15,-ALTA,N,N
AT2G32160-AT2G3217013-14+IR,AT2G32160-AT2G32170,13-14,14-15,+IR,N,N
AT2G32160-AT2G321708-9+IR,AT2G32160-AT2G32170,8-9,9-10,+IR,N,N
AT2G32160-AT2G321709-10-ALTA,AT2G32160-AT2G32170,9-10,10-11,-ALTA,N,N
AT2G32160-AT2G321709-10+IR,AT2G32160-AT2G32170,9-10,10-11,+IR,N,N
AT2G32190-AT2G322101-2+IR,AT2G32190-AT2G32210,1-2,1-2,+IR,Y,Y
AT2G32190-AT2G322102-3+IR,AT2G32190-AT2G32210,2-3,2-3,+IR,N,Y
AT2G32530-AT2G325401-2+IR,AT2G32530-AT2G32540,1-2,1-2,+IR,N,Y
AT2G32530-AT2G325402-3-ALTA,AT2G32530-AT2G32540,2-3,2-3,-ALTA,N,N
AT2G32530-AT2G325402-3+IR,AT2G32530-AT2G32540,2-3,2-3,+IR,N,N
AT2G32530-AT2G325403-4+IR,AT2G32530-AT2G32540,3-4,3-4,+IR,N,N
AT2G32530-AT2G325404-5+IR,AT2G32530-AT2G32540,4-5,4-5,+IR,N,N
AT2G32530-AT2G325405-6+IR,AT2G32530-AT2G32540,5-6,5-6,+IR,N,Y
AT2G32530-AT2G325406-7-ALTA,AT2G32530-AT2G32540,6-7,6-7,-ALTA,N,Y
AT2G32530-AT2G325406-7+IR,AT2G32530-AT2G32540,6-7,6-7,+IR,N,Y
AT2G32530-AT2G325407-8+IR,AT2G32530-AT2G32540,7-8,7-8,+IR,N,Y
AT2G32530-AT2G325408-9+IR,AT2G32530-AT2G32540,8-9,8-9,+IR,N,Y
AT2G32870-AT2G328802-3-ALTA,AT2G32870-AT2G32880,2-3,2-3,-ALTA,N,Y
AT2G32870-AT2G328802-3+IR,AT2G32870-AT2G32880,2-3,2-3,+IR,N,Y
AT2G32870-AT2G328803-4+IR,AT2G32870-AT2G32880,3-4,3-4,+IR,Y,Y
AT2G32870-AT2G328804-5+IR,AT2G32870-AT2G32880,4-5,4-5,+IR,N,Y
AT2G32870-AT2G328805-6-ALTA,AT2G32870-AT2G32880,5-6,5-6,-ALTA,N,N
AT2G32870-AT2G328805-6+ALTA,AT2G32870-AT2G32880,5-6,5-6,+ALTA,N,N
AT2G32870-AT2G328805-6+ALTD,AT2G32870-AT2G32880,5-6,5-6,+ALTD,N,N
AT2G32870-AT2G328805-6+IR,AT2G32870-AT2G32880,5-6,5-6,+IR,N,Y
AT2G33110-AT2G331201-2-ALTD,AT2G33110-AT2G33120,1-2,1-2,-ALTD,N,N
AT2G33110-AT2G331201-2+IR,AT2G33110-AT2G33120,1-2,1-2,+IR,N,Y
AT2G33590-AT2G336001-2+IR,AT2G33590-AT2G33600,1-2,1-2,+IR,N,N
AT2G33590-AT2G336005-6+IR,AT2G33590-AT2G33600,5-6,5-6,+IR,N,N
AT2G37450-AT2G374602-3-ALTD,AT2G37450-AT2G37460,2-3,3-4,-ALTD,N,N
AT2G37450-AT2G374602-3+IR,AT2G37450-AT2G37460,2-3,3-4,+IR,N,Y
AT2G37450-AT2G374603-4+IR,AT2G37450-AT2G37460,3-4,4-5,+IR,N,Y
AT2G37450-AT2G374604-5+ALTA,AT2G37450-AT2G37460,4-5,5-6,+ALTA,N,N
AT2G37450-AT2G374604-5+IR,AT2G37450-AT2G37460,4-5,5-6,+IR,N,Y
AT2G40510-AT2G405902-3-ALTA,AT2G40510-AT2G40590,2-3,2-3,-ALTA,N,N
AT2G40510-AT2G405902-3+IR,AT2G40510-AT2G40590,2-3,2-3,+IR,Y,Y
AT2G40510-AT2G405903-4+IR,AT2G40510-AT2G40590,3-4,3-4,+IR,Y,Y
AT2G40510-AT2G405904-5+IR,AT2G40510-AT2G40590,4-5,4-5,+IR,N,Y
AT2G42530-AT2G425401-2+IR,AT2G42530-AT2G42540,1-2,1-2,+IR,N,Y
AT2G43820-AT2G438401-2-ALTD;+ALTA,AT2G43820-AT2G43840,1-2,1-2,-ALTD;+ALTA,N,N
AT2G43820-AT2G438401-2+IR,AT2G43820-AT2G43840,1-2,1-2,+IR,N,Y
AT2G44195-AT2G442001-2+IR,AT2G44195-AT2G44200,1-2,1-2,+IR,N,N
AT2G44290-AT2G443001-2+IR,AT2G44290-AT2G44300,1-2,1-2,+IR,N,N
AT2G45560-AT2G455701-2+ALTA,AT2G45560-AT2G45570,1-2,1-2,+ALTA,N,N
AT2G45560-AT2G455701-2+IR,AT2G45560-AT2G45570,1-2,1-2,+IR,N,N
AT2G45560-AT2G455702-3+IR,AT2G45560-AT2G45570,2-3,2-3,+IR,N,N
AT2G46280-AT2G462901-2+IR,AT2G46280-AT2G46290,1-2,2-3,+IR,N,N
AT2G46280-AT2G462902-3+IR,AT2G46280-AT2G46290,2-3,3-4,+IR,N,N
AT2G46280-AT2G462905-6+IR,AT2G46280-AT2G46290,5-6,6-7,+IR,N,N
AT2G46280-AT2G462907-8+IR,AT2G46280-AT2G46290,7-8,8-9,+IR,N,N
AT2G46440-AT2G464501-2-ALTA,AT2G46440-AT2G46450,1-2,1-2,-ALTA,N,N
AT2G46440-AT2G464501-2+IR,AT2G46440-AT2G46450,1-2,1-2,+IR,N,N
AT2G46440-AT2G464502-3-ALTA,AT2G46440-AT2G46450,2-3,2-3,-ALTA,N,N
AT2G46440-AT2G464502-3+ALTA,AT2G46440-AT2G46450,2-3,2-3,+ALTA,N,N
AT2G46440-AT2G464502-3+IR,AT2G46440-AT2G46450,2-3,2-3,+IR,Y,Y
AT2G46440-AT2G464503-4-ALTD,AT2G46440-AT2G46450,3-4,3-4,-ALTD,N,N
AT2G46440-AT2G464503-4+IR,AT2G46440-AT2G46450,3-4,3-4,+IR,N,N
AT2G46440-AT2G464504-5+ALTA,AT2G46440-AT2G46450,4-5,4-5,+ALTA,N,N
AT2G46440-AT2G464504-5+IR,AT2G46440-AT2G46450,4-5,4-5,+IR,N,Y
AT2G46440-AT2G464506-7-ALTD,AT2G46440-AT2G46450,6-7,6-7,-ALTD,N,N
AT2G46440-AT2G464506-7+IR,AT2G46440-AT2G46450,6-7,6-7,+IR,N,N
AT2G46440-AT2G464507-8+IR,AT2G46440-AT2G46450,7-8,7-8,+IR,Y,Y
AT3G03030-AT3G030401-2-ALTA,AT3G03030-AT3G03040,1-2,2-3,-ALTA,N,N
AT3G03030-AT3G030401-2+IR,AT3G03030-AT3G03040,1-2,2-3,+IR,N,Y
AT3G03030-AT3G030402-3+IR,AT3G03030-AT3G03040,2-3,3-4,+IR,Y,Y
AT3G03330-AT3G033506-7-ALTD,AT3G03330-AT3G03350,6-7,6-7,-ALTD,N,N
AT3G03330-AT3G033506-7+ALTD,AT3G03330-AT3G03350,6-7,6-7,+ALTD,N,N
AT3G03330-AT3G033506-7+IR,AT3G03330-AT3G03350,6-7,6-7,+IR,N,N
AT3G03330-AT3G033507-8+IR,AT3G03330-AT3G03350,7-8,7-8,+IR,N,Y
AT3G03330-AT3G033508-9+IR,AT3G03330-AT3G03350,8-9,8-9,+IR,N,Y
AT3G03330-AT3G033509-10+ALTA,AT3G03330-AT3G03350,9-10,9-10,+ALTA,N,N
AT3G03330-AT3G033509-10+IR,AT3G03330-AT3G03350,9-10,9-10,+IR,Y,Y
AT3G05160-AT3G051651-2+IR,AT3G05160-AT3G05165,1-2,2-3,+IR,N,N
AT3G05160-AT3G0516511-12+IR,AT3G05160-AT3G05165,11-12,12-13,+IR,N,N
AT3G05160-AT3G0516512-13+IR,AT3G05160-AT3G05165,12-13,13-14,+IR,N,N
AT3G05160-AT3G0516513-14+IR,AT3G05160-AT3G05165,13-14,14-15,+IR,Y,Y
AT3G05160-AT3G0516514-15+IR,AT3G05160-AT3G05165,14-15,15-16,+IR,Y,Y
AT3G05160-AT3G0516515-16+IR,AT3G05160-AT3G05165,15-16,16-17,+IR,N,Y
AT3G05160-AT3G0516516-17+IR,AT3G05160-AT3G05165,16-17,17-18,+IR,N,Y
AT3G05160-AT3G0516517-18+IR,AT3G05160-AT3G05165,17-18,18-19,+IR,N,Y
AT3G05160-AT3G051652-3+IR,AT3G05160-AT3G05165,2-3,3-4,+IR,N,Y
AT3G05160-AT3G051653-4+IR,AT3G05160-AT3G05165,3-4,4-5,+IR,N,Y
AT3G05160-AT3G051654-5+IR,AT3G05160-AT3G05165,4-5,5-6,+IR,N,Y
AT3G05160-AT3G051655-6-ALTD,AT3G05160-AT3G05165,5-6,6-7,-ALTD,N,N
AT3G05160-AT3G051655-6+IR,AT3G05160-AT3G05165,5-6,6-7,+IR,Y,Y
AT3G05160-AT3G051659-10+ALTA,AT3G05160-AT3G05165,9-10,10-11,+ALTA,N,N
AT3G05160-AT3G051659-10+IR,AT3G05160-AT3G05165,9-10,10-11,+IR,N,N
AT3G05880-AT3G058901-2+IR,AT3G05880-AT3G05890,1-2,1-2,+IR,N,N
AT3G08570-AT3G086603-4+IR,AT3G08570-AT3G08660,3-4,3-4,+IR,Y,Y
AT3G08720-AT3G087304-5+IR,AT3G08720-AT3G08730,4-5,4-5,+IR,N,N
AT3G08720-AT3G087305-6+IR,AT3G08720-AT3G08730,5-6,5-6,+IR,N,N
AT3G13020-AT3G130301-2+IR,AT3G13020-AT3G13030,1-2,3-4,+IR,N,N
AT3G13290-AT3G1330010-11+IR,AT3G13290-AT3G13300,10-11,10-11,+IR,N,Y
AT3G13290-AT3G1330011-12+IR,AT3G13290-AT3G13300,11-12,11-12,+IR,N,N
AT3G13290-AT3G133004-5+IR,AT3G13290-AT3G13300,4-5,4-5,+IR,N,N
AT3G13290-AT3G133005-6+IR,AT3G13290-AT3G13300,5-6,5-6,+IR,N,Y
AT3G13290-AT3G133008-9+IR,AT3G13290-AT3G13300,8-9,8-9,+IR,N,N
AT3G14130-AT3G1415010-11+IR,AT3G14130-AT3G14150,10-11,10-11,+IR,Y,Y
AT3G14130-AT3G141503-4+IR,AT3G14130-AT3G14150,3-4,3-4,+IR,N,N
AT3G14130-AT3G141504-5+IR,AT3G14130-AT3G14150,4-5,4-5,+IR,Y,Y
AT3G14130-AT3G141506-7+IR,AT3G14130-AT3G14150,6-7,6-7,+IR,N,N
AT3G14130-AT3G141509-10+IR,AT3G14130-AT3G14150,9-10,9-10,+IR,Y,Y
AT3G16220-AT3G162302-3+IR,AT3G16220-AT3G16230,2-3,9-10,+IR,N,N
AT3G17690-AT3G177005-6+IR,AT3G17690-AT3G17700,5-6,6-7,+IR,N,N
AT3G17690-AT3G177006-7+IR,AT3G17690-AT3G17700,6-7,7-8,+IR,N,N
AT3G17690-AT3G177009-10+IR,AT3G17690-AT3G17700,9-10,10-11,+IR,N,N
AT3G22310-AT3G223301-2+IR,AT3G22310-AT3G22330,1-2,1-2,+IR,N,N
AT3G22310-AT3G223302-3+IR,AT3G22310-AT3G22330,2-3,2-3,+IR,N,Y
AT3G22310-AT3G223303-4+IR,AT3G22310-AT3G22330,3-4,3-4,+IR,N,N
AT3G22310-AT3G223306-7+IR,AT3G22310-AT3G22330,6-7,6-7,+IR,N,N
AT3G23470-AT3G2348012-13+IR,AT3G23470-AT3G23480,12-13,12-13,+IR,N,N
AT3G23550-AT3G235601-2+IR,AT3G23550-AT3G23560,1-2,1-2,+IR,N,N
AT3G23550-AT3G235602-3+IR,AT3G23550-AT3G23560,2-3,2-3,+IR,N,N
AT3G23550-AT3G235605-6+IR,AT3G23550-AT3G23560,5-6,5-6,+IR,Y,Y
AT3G24870-AT3G2488021-22-ALTA,AT3G24870-AT3G24880,21-22,22-23,-ALTA,N,N
AT3G24870-AT3G248809-10-ALTA,AT3G24870-AT3G24880,9-10,8-9,-ALTA,Y,Y
AT3G26070-AT3G260801-2+IR,AT3G26070-AT3G26080,1-2,1-2,+IR,N,Y
AT3G26070-AT3G260802-3+IR,AT3G26070-AT3G26080,2-3,2-3,+IR,N,Y
AT3G26070-AT3G260803-4-ALTD,AT3G26070-AT3G26080,3-4,3-4,-ALTD,N,N
AT3G26070-AT3G260803-4+IR,AT3G26070-AT3G26080,3-4,3-4,+IR,N,Y
AT3G26070-AT3G260804-5+IR,AT3G26070-AT3G26080,4-5,4-5,+IR,N,Y
AT3G26070-AT3G260805-6+IR,AT3G26070-AT3G26080,5-6,5-6,+IR,N,N
AT3G28070-AT3G280801-2-ALTD,AT3G28070-AT3G28080,1-2,1-2,-ALTD,N,Y
AT3G28070-AT3G280801-2+IR,AT3G28070-AT3G28080,1-2,1-2,+IR,N,N
AT3G28070-AT3G280802-3-ALTA,AT3G28070-AT3G28080,2-3,2-3,-ALTA,N,N
AT3G28070-AT3G280802-3+ALTA,AT3G28070-AT3G28080,2-3,2-3,+ALTA,Y,Y
AT3G28070-AT3G280802-3+IR,AT3G28070-AT3G28080,2-3,2-3,+IR,N,Y
AT3G28070-AT3G280803-4-ALTA,AT3G28070-AT3G28080,3-4,3-4,-ALTA,N,N
AT3G28070-AT3G280803-4+IR,AT3G28070-AT3G28080,3-4,3-4,+IR,N,Y
AT3G28070-AT3G280804-5-ALTD,AT3G28070-AT3G28080,4-5,4-5,-ALTD,N,N
AT3G28070-AT3G280804-5+IR,AT3G28070-AT3G28080,4-5,4-5,+IR,N,Y
AT3G28070-AT3G280805-6+IR,AT3G28070-AT3G28080,5-6,5-6,+IR,N,Y
AT3G28070-AT3G280806-7+IR,AT3G28070-AT3G28080,6-7,6-7,+IR,N,Y
AT3G28290-AT3G283001-2+IR,AT3G28290-AT3G28300,1-2,1-2,+IR,Y,Y
AT3G28710-AT3G287155-6+IR,AT3G28710-AT3G28715,5-6,5-6,+IR,Y,Y
AT3G28710-AT3G287158-9+IR,AT3G28710-AT3G28715,8-9,8-9,+IR,Y,Y
AT3G28710-AT3G287159-10+IR,AT3G28710-AT3G28715,9-10,9-10,+IR,Y,Y
AT3G28930-AT3G289401-2+IR,AT3G28930-AT3G28940,1-2,1-2,+IR,N,Y
AT3G28930-AT3G289402-3-ALTD,AT3G28930-AT3G28940,2-3,2-3,-ALTD,N,N
AT3G28930-AT3G289402-3+IR,AT3G28930-AT3G28940,2-3,2-3,+IR,N,Y
AT3G28930-AT3G289403-4+IR,AT3G28930-AT3G28940,3-4,3-4,+IR,N,Y
AT3G28930-AT3G289404-5+IR,AT3G28930-AT3G28940,4-5,4-5,+IR,N,Y
AT3G43980-AT3G440101-2+IR,AT3G43980-AT3G44010,1-2,1-2,+IR,N,Y
AT3G45960-AT3G459701-2+IR,AT3G45960-AT3G45970,1-2,1-2,+IR,N,N
AT3G45960-AT3G459702-3+IR,AT3G45960-AT3G45970,2-3,2-3,+IR,N,N
AT3G47350-AT3G473601-2+IR,AT3G47350-AT3G47360,1-2,1-2,+IR,N,N
AT3G47350-AT3G473603-4+IR,AT3G47350-AT3G47360,3-4,3-4,+IR,N,N
AT3G47890-AT3G479102-3+IR,AT3G47890-AT3G47910,2-3,2-3,+IR,N,N
AT3G47890-AT3G479106-7-ALTA,AT3G47890-AT3G47910,6-7,6-7,-ALTA,N,Y
AT3G47890-AT3G479107-8+ALTA,AT3G47890-AT3G47910,7-8,7-8,+ALTA,N,N
AT3G47890-AT3G479107-8+IR,AT3G47890-AT3G47910,7-8,7-8,+IR,N,N
AT3G47890-AT3G479108-9+IR,AT3G47890-AT3G47910,8-9,8-9,+IR,N,N
AT3G48050-AT3G480601-2+ALTA,AT3G48050-AT3G48060,1-2,2-3,+ALTA,Y,Y
AT3G48080-AT3G480902-3+IR,AT3G48080-AT3G48090,2-3,2-3,+IR,N,N
AT3G48780-AT3G4879010-11+IR,AT3G48780-AT3G48790,10-11,6-7,+IR,N,N
AT3G48780-AT3G4879011-12-ALTD;-ALTA,AT3G48780-AT3G48790,11-12,7-8,-ALTD;-ALTA,N,N
AT3G48780-AT3G4879011-12+IR,AT3G48780-AT3G48790,11-12,7-8,+IR,N,N
AT3G48780-AT3G487908-9+IR,AT3G48780-AT3G48790,8-9,4-5,+IR,N,N
AT3G48780-AT3G487909-10+IR,AT3G48780-AT3G48790,9-10,5-6,+IR,Y,Y
AT3G49110-AT3G491203-4+IR,AT3G49110-AT3G49120,3-4,3-4,+IR,N,N
AT3G50140-AT3G501902-3+IR,AT3G50140-AT3G50190,2-3,2-3,+IR,N,N
AT3G51340-AT3G513504-5+IR,AT3G51340-AT3G51350,4-5,4-5,+IR,N,N
AT3G51440-AT3G514501-2+IR,AT3G51440-AT3G51450,1-2,1-2,+IR,N,N
AT3G51440-AT3G514503-4+IR,AT3G51440-AT3G51450,3-4,3-4,+IR,N,N
AT3G51640-AT3G516501-2+IR,AT3G51640-AT3G51650,1-2,1-2,+IR,N,N
AT3G51640-AT3G516502-3+IR,AT3G51640-AT3G51650,2-3,2-3,+IR,N,N
AT3G55000-AT3G550051-2+IR,AT3G55000-AT3G55005,1-2,1-2,+IR,N,N
AT3G55000-AT3G550052-3-ALTA,AT3G55000-AT3G55005,2-3,2-3,-ALTA,N,N
AT3G55000-AT3G550053-4+IR,AT3G55000-AT3G55005,3-4,3-4,+IR,Y,Y
AT3G55000-AT3G550054-5-ALTA,AT3G55000-AT3G55005,4-5,4-5,-ALTA,N,N
AT3G55000-AT3G550054-5+IR,AT3G55000-AT3G55005,4-5,4-5,+IR,N,Y
AT3G55700-AT3G557101-2+IR,AT3G55700-AT3G55710,1-2,1-2,+IR,N,N
AT3G57010-AT3G570201-2-ALTA,AT3G57010-AT3G57020,1-2,1-2,-ALTA,N,N
AT3G57010-AT3G570201-2+IR,AT3G57010-AT3G57020,1-2,1-2,+IR,N,N
AT3G57010-AT3G570202-3+IR,AT3G57010-AT3G57020,2-3,2-3,+IR,N,N
AT3G57460-AT3G574702-3+ALTD,AT3G57460-AT3G57470,2-3,10-11,+ALTD,N,N
AT3G57460-AT3G574702-3+IR,AT3G57460-AT3G57470,2-3,10-11,+IR,N,N
AT3G57460-AT3G574704-5-ALTA,AT3G57460-AT3G57470,4-5,12-13,-ALTA,N,N
AT3G57460-AT3G574707-8-ALTA,AT3G57460-AT3G57470,7-8,17-18,-ALTA,N,N
AT3G57460-AT3G574707-8+ALTD,AT3G57460-AT3G57470,7-8,17-18,+ALTD,N,N
AT3G57460-AT3G574707-8+IR,AT3G57460-AT3G57470,7-8,17-18,+IR,N,N
AT3G58560-AT3G585801-2+ALTA,AT3G58560-AT3G58580,1-2,1-2,+ALTA,N,N
AT3G58560-AT3G585801-2+IR,AT3G58560-AT3G58580,1-2,1-2,+IR,N,N
AT3G58560-AT3G5858010-11+IR,AT3G58560-AT3G58580,10-11,10-11,+IR,N,Y
AT3G58560-AT3G585807-8+IR,AT3G58560-AT3G58580,7-8,7-8,+IR,N,N
AT3G58560-AT3G585808-9+IR,AT3G58560-AT3G58580,8-9,8-9,+IR,N,N
AT3G58560-AT3G585809-10+IR,AT3G58560-AT3G58580,9-10,9-10,+IR,Y,Y
AT3G59320-AT3G593302-3-ALTA;+ALTD,AT3G59320-AT3G59330,2-3,1-2,-ALTA;+ALTD,N,N
AT3G59320-AT3G593302-3+ALTA,AT3G59320-AT3G59330,2-3,1-2,+ALTA,N,N
AT3G59320-AT3G593302-3+ALTD,AT3G59320-AT3G59330,2-3,1-2,+ALTD,N,N
AT3G59320-AT3G593302-3+IR,AT3G59320-AT3G59330,2-3,1-2,+IR,N,Y
AT3G59320-AT3G593303-4+IR,AT3G59320-AT3G59330,3-4,2-3,+IR,N,N
AT3G59320-AT3G593304-5+ALTA,AT3G59320-AT3G59330,4-5,3-4,+ALTA,N,N
AT3G59320-AT3G593304-5+IR,AT3G59320-AT3G59330,4-5,3-4,+IR,N,N
AT3G59320-AT3G593305-6+ALTD,AT3G59320-AT3G59330,5-6,4-5,+ALTD,N,N
AT3G59320-AT3G593305-6+IR,AT3G59320-AT3G59330,5-6,4-5,+IR,N,N
AT3G61990-AT3G620003-4+IR,AT3G61990-AT3G62000,3-4,3-4,+IR,N,Y
AT3G61990-AT3G620004-5+ALTA,AT3G61990-AT3G62000,4-5,4-5,+ALTA,N,N
AT3G61990-AT3G620004-5+IR,AT3G61990-AT3G62000,4-5,4-5,+IR,N,N
AT3G61990-AT3G620005-6-ALTA,AT3G61990-AT3G62000,5-6,5-6,-ALTA,N,N
AT3G61990-AT3G620006-7+IR,AT3G61990-AT3G62000,6-7,6-7,+IR,N,N
AT3G61990-AT3G620008-9-ALTD,AT3G61990-AT3G62000,8-9,8-9,-ALTD,N,N
AT3G61990-AT3G620008-9+IR,AT3G61990-AT3G62000,8-9,8-9,+IR,N,N
AT3G62740-AT3G6275011-12+IR,AT3G62740-AT3G62750,11-12,11-12,+IR,N,N
AT3G62740-AT3G6275012-13-ALTA,AT3G62740-AT3G62750,12-13,12-13,-ALTA,N,N
AT3G62740-AT3G6275012-13+IR,AT3G62740-AT3G62750,12-13,12-13,+IR,N,N
AT3G62740-AT3G627503-4-ALTA,AT3G62740-AT3G62750,3-4,3-4,-ALTA,N,N
AT3G62740-AT3G627503-4+IR,AT3G62740-AT3G62750,3-4,3-4,+IR,N,N
AT3G62740-AT3G627506-7-ALTA,AT3G62740-AT3G62750,6-7,6-7,-ALTA,N,N
AT3G62740-AT3G627506-7+IR,AT3G62740-AT3G62750,6-7,6-7,+IR,N,N
AT3G62740-AT3G627508-9-ALTA,AT3G62740-AT3G62750,8-9,8-9,-ALTA,N,N
AT3G62740-AT3G627508-9+IR,AT3G62740-AT3G62750,8-9,8-9,+IR,N,N
AT4G00960-AT4G009702-3+IR,AT4G00960-AT4G00970,2-3,3-4,+IR,N,N
AT4G00960-AT4G009703-4+ALTD;+ALTA,AT4G00960-AT4G00970,3-4,4-5,+ALTD;+ALTA,N,N
AT4G00960-AT4G009703-4+IR,AT4G00960-AT4G00970,3-4,4-5,+IR,N,N
AT4G00960-AT4G009704-5+IR,AT4G00960-AT4G00970,4-5,5-6,+IR,N,N
AT4G00960-AT4G009705-6+IR,AT4G00960-AT4G00970,5-6,6-7,+IR,N,N
AT4G04540-AT4G045705-6+IR,AT4G04540-AT4G04570,5-6,5-6,+IR,N,N
AT4G04540-AT4G045706-7+IR,AT4G04540-AT4G04570,6-7,6-7,+IR,N,N
AT4G04695-AT4G047003-4+IR,AT4G04695-AT4G04700,3-4,3-4,+IR,N,N
AT4G04695-AT4G047004-5+IR,AT4G04695-AT4G04700,4-5,4-5,+IR,N,N
AT4G04695-AT4G047005-6+IR,AT4G04695-AT4G04700,5-6,5-6,+IR,N,N
AT4G04750-AT4G0476015-16-ALTD,AT4G04750-AT4G04760,15-16,14-15,-ALTD,N,N
AT4G04750-AT4G0476015-16+IR,AT4G04750-AT4G04760,15-16,14-15,+IR,N,N
AT4G04750-AT4G0476016-17+IR,AT4G04750-AT4G04760,16-17,15-16,+IR,N,N
AT4G04750-AT4G0476017-18+IR,AT4G04750-AT4G04760,17-18,16-17,+IR,N,N
AT4G04750-AT4G047603-4+IR,AT4G04750-AT4G04760,3-4,2-3,+IR,N,N
AT4G04750-AT4G047604-5+IR,AT4G04750-AT4G04760,4-5,3-4,+IR,N,Y
AT4G04750-AT4G047605-6+IR,AT4G04750-AT4G04760,5-6,4-5,+IR,N,N
AT4G04750-AT4G047606-7+IR,AT4G04750-AT4G04760,6-7,5-6,+IR,N,Y
AT4G04750-AT4G047609-10+IR,AT4G04750-AT4G04760,9-10,8-9,+IR,N,N
AT4G04810-AT4G048301-2+IR,AT4G04810-AT4G04830,1-2,1-2,+IR,Y,Y
AT4G04810-AT4G048302-3+IR,AT4G04810-AT4G04830,2-3,2-3,+IR,N,Y
AT4G05460-AT4G054971-2+IR,AT4G05460-AT4G05497,1-2,1-2,+IR,N,N
AT4G08480-AT4G085002-3+IR,AT4G08480-AT4G08500,2-3,2-3,+IR,Y,Y
AT4G08480-AT4G085004-5+ALTA,AT4G08480-AT4G08500,4-5,4-5,+ALTA,N,N
AT4G08480-AT4G085004-5+IR,AT4G08480-AT4G08500,4-5,4-5,+IR,N,N
AT4G08480-AT4G085005-6+IR,AT4G08480-AT4G08500,5-6,5-6,+IR,N,N
AT4G08480-AT4G085006-7-ALTA,AT4G08480-AT4G08500,6-7,6-7,-ALTA,N,N
AT4G08480-AT4G085008-9+ALTA,AT4G08480-AT4G08500,8-9,8-9,+ALTA,N,N
AT4G08480-AT4G085008-9+IR,AT4G08480-AT4G08500,8-9,8-9,+IR,N,Y
AT4G09250-AT4G093102-3-ALTD;-ALTA,AT4G09250-AT4G09310,2-3,2-3,-ALTD;-ALTA,Y,Y
AT4G09250-AT4G093103-4+IR,AT4G09250-AT4G09310,3-4,3-4,+IR,Y,Y
AT4G10150-AT4G101602-3+IR,AT4G10150-AT4G10160,2-3,2-3,+IR,N,N
AT4G10570-AT4G105901-2+IR,AT4G10570-AT4G10590,1-2,1-2,+IR,N,Y
AT4G10570-AT4G1059010-11+IR,AT4G10570-AT4G10590,10-11,10-11,+IR,N,N
AT4G10570-AT4G105903-4+IR,AT4G10570-AT4G10590,3-4,3-4,+IR,N,N
AT4G10570-AT4G105906-7-ALTD,AT4G10570-AT4G10590,6-7,6-7,-ALTD,N,N
AT4G10570-AT4G105907-8-ALTA,AT4G10570-AT4G10590,7-8,7-8,-ALTA,N,N
AT4G10570-AT4G105908-9+IR,AT4G10570-AT4G10590,8-9,8-9,+IR,N,N
AT4G10570-AT4G105909-10+IR,AT4G10570-AT4G10590,9-10,9-10,+IR,N,N
AT4G11830-AT4G118402-3-ALTD,AT4G11830-AT4G11840,2-3,1-2,-ALTD,N,N
AT4G11830-AT4G118402-3+IR,AT4G11830-AT4G11840,2-3,1-2,+IR,N,Y
AT4G11830-AT4G118404-5+IR,AT4G11830-AT4G11840,4-5,3-4,+IR,N,N
AT4G11830-AT4G118405-6+IR,AT4G11830-AT4G11840,5-6,4-5,+IR,N,N
AT4G11830-AT4G118406-7-ALTA,AT4G11830-AT4G11840,6-7,5-6,-ALTA,N,N
AT4G11830-AT4G118406-7+IR,AT4G11830-AT4G11840,6-7,5-6,+IR,N,N
AT4G11830-AT4G118408-9-ALTD,AT4G11830-AT4G11840,8-9,7-8,-ALTD,N,N
AT4G11830-AT4G118408-9+IR,AT4G11830-AT4G11840,8-9,7-8,+IR,N,Y
AT4G12770-AT4G127802-3-ALTA,AT4G12770-AT4G12780,2-3,2-3,-ALTA,N,N
AT4G12770-AT4G127802-3+IR,AT4G12770-AT4G12780,2-3,2-3,+IR,N,N
AT4G12770-AT4G127803-4-ALTA,AT4G12770-AT4G12780,3-4,3-4,-ALTA,Y,Y
AT4G12770-AT4G127803-4+IR,AT4G12770-AT4G12780,3-4,3-4,+IR,N,Y
AT4G12770-AT4G127804-5+IR,AT4G12770-AT4G12780,4-5,4-5,+IR,N,Y
AT4G12770-AT4G127805-6+IR,AT4G12770-AT4G12780,5-6,5-6,+IR,Y,Y
AT4G12770-AT4G127806-7+IR,AT4G12770-AT4G12780,6-7,6-7,+IR,N,Y
AT4G12770-AT4G127807-8+IR,AT4G12770-AT4G12780,7-8,7-8,+IR,N,Y
AT4G13870-AT4G138854-5+ALTD,AT4G13870-AT4G13885,4-5,5-6,+ALTD,N,N
AT4G13870-AT4G138854-5+IR,AT4G13870-AT4G13885,4-5,5-6,+IR,N,Y
AT4G13870-AT4G138855-6+IR,AT4G13870-AT4G13885,5-6,6-7,+IR,N,N
AT4G14030-AT4G140402-3+IR,AT4G14030-AT4G14040,2-3,2-3,+IR,N,Y
AT4G14030-AT4G140404-5-ALTA,AT4G14030-AT4G14040,4-5,3-4,-ALTA,N,N
AT4G14030-AT4G140404-5+IR,AT4G14030-AT4G14040,4-5,3-4,+IR,Y,Y
AT4G14030-AT4G140405-6+IR,AT4G14030-AT4G14040,5-6,4-5,+IR,Y,Y
AT4G14030-AT4G140406-7+IR,AT4G14030-AT4G14040,6-7,5-6,+IR,Y,Y
AT4G14096-AT4G141032-3+IR,AT4G14096-AT4G14103,2-3,1-2,+IR,N,N
AT4G14096-AT4G141033-4+ALTA,AT4G14096-AT4G14103,3-4,2-3,+ALTA,N,N
AT4G14096-AT4G141033-4+IR,AT4G14096-AT4G14103,3-4,2-3,+IR,N,N
AT4G14230-AT4G142401-2+IR,AT4G14230-AT4G14240,1-2,1-2,+IR,N,N
AT4G14230-AT4G142402-3+IR,AT4G14230-AT4G14240,2-3,2-3,+IR,N,N
AT4G14230-AT4G142404-5+IR,AT4G14230-AT4G14240,4-5,7-8,+IR,N,N
AT4G14230-AT4G142405-6+IR,AT4G14230-AT4G14240,5-6,8-9,+IR,N,N
AT4G14230-AT4G142406-7+IR,AT4G14230-AT4G14240,6-7,9-10,+IR,N,Y
AT4G14710-AT4G147163-4+IR,AT4G14710-AT4G14716,3-4,2-3,+IR,N,Y
AT4G14710-AT4G147164-5+IR,AT4G14710-AT4G14716,4-5,3-4,+IR,N,Y
AT4G14710-AT4G147166-7+IR,AT4G14710-AT4G14716,6-7,5-6,+IR,Y,Y
AT4G14713-AT4G147203-4-ALTA,AT4G14713-AT4G14720,3-4,3-4,-ALTA,N,N
AT4G14713-AT4G147203-4+IR,AT4G14713-AT4G14720,3-4,3-4,+IR,Y,Y
AT4G14713-AT4G147207-8-ALTA,AT4G14713-AT4G14720,7-8,7-8,-ALTA,N,N
AT4G14713-AT4G147207-8+IR,AT4G14713-AT4G14720,7-8,7-8,+IR,N,N
AT4G15215-AT4G1523010-11+IR,AT4G15215-AT4G15230,10-11,10-11,+IR,N,N
AT4G15215-AT4G1523021-22+IR,AT4G15215-AT4G15230,21-22,21-22,+IR,N,N
AT4G15215-AT4G152308-9+ALTA,AT4G15215-AT4G15230,8-9,8-9,+ALTA,N,N
AT4G15620-AT4G156301-2+IR,AT4G15620-AT4G15630,1-2,1-2,+IR,N,Y
AT4G15760-AT4G157651-2+IR,AT4G15760-AT4G15765,1-2,1-2,+IR,N,Y
AT4G15955-AT4G159603-4+IR,AT4G15955-AT4G15960,3-4,2-3,+IR,N,N
AT4G16940-AT4G169601-2+IR,AT4G16940-AT4G16960,1-2,1-2,+IR,Y,Y
AT4G16940-AT4G169602-3+ALTA;-ALTD,AT4G16940-AT4G16960,2-3,2-3,+ALTA;-ALTD,N,N
AT4G16940-AT4G169602-3+IR,AT4G16940-AT4G16960,2-3,2-3,+IR,N,N
AT4G16940-AT4G169604-5+IR,AT4G16940-AT4G16960,4-5,4-5,+IR,N,N
AT4G17470-AT4G174807-8+IR,AT4G17470-AT4G17480,7-8,6-7,+IR,N,N
AT4G17470-AT4G174808-9+IR,AT4G17470-AT4G17480,8-9,7-8,+IR,N,N
AT4G21400-AT4G214102-3+ALTA;-ALTD,AT4G21400-AT4G21410,2-3,2-3,+ALTA;-ALTD,N,N
AT4G21400-AT4G214102-3+IR,AT4G21400-AT4G21410,2-3,2-3,+IR,N,N
AT4G21400-AT4G214104-5-ALTA,AT4G21400-AT4G21410,4-5,5-6,-ALTA,N,N
AT4G21400-AT4G214104-5+IR,AT4G21400-AT4G21410,4-5,5-6,+IR,N,Y
AT4G21903-AT4G219101-2-ALTA,AT4G21903-AT4G21910,1-2,1-2,-ALTA,N,N
AT4G21903-AT4G219101-2+IR,AT4G21903-AT4G21910,1-2,1-2,+IR,N,N
AT4G21903-AT4G219104-5+IR,AT4G21903-AT4G21910,4-5,4-5,+IR,N,N
AT4G21903-AT4G219106-7+IR,AT4G21903-AT4G21910,6-7,6-7,+IR,N,N
AT4G23270-AT4G232801-2+ALTD;-ALTA,AT4G23270-AT4G23280,1-2,1-2,+ALTD;-ALTA,N,N
AT4G23270-AT4G232802-3+ALTA,AT4G23270-AT4G23280,2-3,2-3,+ALTA,N,N
AT4G23270-AT4G232802-3+IR,AT4G23270-AT4G23280,2-3,2-3,+IR,N,N
AT4G23270-AT4G232804-5+ALTD,AT4G23270-AT4G23280,4-5,4-5,+ALTD,N,N
AT4G23270-AT4G232804-5+IR,AT4G23270-AT4G23280,4-5,4-5,+IR,N,N
AT4G23270-AT4G232805-6+IR,AT4G23270-AT4G23280,5-6,5-6,+IR,N,N
AT4G23270-AT4G232806-7+IR,AT4G23270-AT4G23280,6-7,6-7,+IR,N,N
AT4G23420-AT4G234303-4+IR,AT4G23420-AT4G23430,3-4,1-2,+IR,N,N
AT4G23420-AT4G234304-5+IR,AT4G23420-AT4G23430,4-5,2-3,+IR,N,N
AT4G23420-AT4G234305-6-ALTA,AT4G23420-AT4G23430,5-6,3-4,-ALTA,N,N
AT4G23420-AT4G234305-6+ALTA,AT4G23420-AT4G23430,5-6,3-4,+ALTA,N,N
AT4G23420-AT4G234305-6+IR,AT4G23420-AT4G23430,5-6,3-4,+IR,N,N
AT4G23420-AT4G234308-9+IR,AT4G23420-AT4G23430,8-9,6-7,+IR,N,Y
AT4G23420-AT4G234309-10+IR,AT4G23420-AT4G23430,9-10,7-8,+IR,N,N
AT4G24340-AT4G243502-3+ALTA,AT4G24340-AT4G24350,2-3,2-3,+ALTA,N,N
AT4G24340-AT4G243502-3+IR,AT4G24340-AT4G24350,2-3,2-3,+IR,N,N
AT4G24340-AT4G243503-4+IR,AT4G24340-AT4G24350,3-4,3-4,+IR,N,N
AT4G24340-AT4G243504-5-ALTA,AT4G24340-AT4G24350,4-5,4-5,-ALTA,N,N
AT4G24340-AT4G243504-5+IR,AT4G24340-AT4G24350,4-5,4-5,+IR,N,N
AT4G24340-AT4G243505-6+IR,AT4G24340-AT4G24350,5-6,5-6,+IR,N,N
AT4G25515-AT4G255202-3+IR,AT4G25515-AT4G25520,2-3,3-4,+IR,N,N
AT4G25515-AT4G255205-6+IR,AT4G25515-AT4G25520,5-6,6-7,+IR,N,N
AT4G25515-AT4G255207-8+IR,AT4G25515-AT4G25520,7-8,8-9,+IR,Y,Y
AT4G25515-AT4G255208-9+IR,AT4G25515-AT4G25520,8-9,9-10,+IR,Y,Y
AT4G25660-AT4G256801-2+IR,AT4G25660-AT4G25680,1-2,1-2,+IR,Y,Y
AT4G25660-AT4G256802-3+IR,AT4G25660-AT4G25680,2-3,2-3,+IR,Y,Y
AT4G25660-AT4G256803-4+IR,AT4G25660-AT4G25680,3-4,3-4,+IR,Y,Y
AT4G27290-AT4G273003-4+IR,AT4G27290-AT4G27300,3-4,4-5,+IR,N,N
AT4G27820-AT4G278301-2+IR,AT4G27820-AT4G27830,1-2,1-2,+IR,N,Y
AT4G27820-AT4G2783011-12+IR,AT4G27820-AT4G27830,11-12,11-12,+IR,Y,Y
AT4G27820-AT4G2783012-13+IR,AT4G27820-AT4G27830,12-13,12-13,+IR,Y,Y
AT4G27820-AT4G278302-3+IR,AT4G27820-AT4G27830,2-3,2-3,+IR,N,N
AT4G27820-AT4G278303-4+IR,AT4G27820-AT4G27830,3-4,3-4,+IR,N,N
AT4G27820-AT4G278304-5+IR,AT4G27820-AT4G27830,4-5,4-5,+IR,N,N
AT4G27820-AT4G278306-7+IR,AT4G27820-AT4G27830,6-7,6-7,+IR,N,Y
AT4G27820-AT4G278307-8-ALTA,AT4G27820-AT4G27830,7-8,7-8,-ALTA,N,N
AT4G27820-AT4G278307-8+ALTA,AT4G27820-AT4G27830,7-8,7-8,+ALTA,N,N
AT4G27820-AT4G278307-8+IR,AT4G27820-AT4G27830,7-8,7-8,+IR,N,Y
AT4G27820-AT4G278308-9-ALTA,AT4G27820-AT4G27830,8-9,8-9,-ALTA,N,N
AT4G28860-AT4G2888011-12-ALTA,AT4G28860-AT4G28880,11-12,12-13,-ALTA,N,N
AT4G28860-AT4G2888011-12+IR,AT4G28860-AT4G28880,11-12,12-13,+IR,N,Y
AT4G28860-AT4G2888012-13+IR,AT4G28860-AT4G28880,12-13,13-14,+IR,Y,Y
AT4G28860-AT4G288802-3+ALTA,AT4G28860-AT4G28880,2-3,2-3,+ALTA,N,N
AT4G28860-AT4G288802-3+IR,AT4G28860-AT4G28880,2-3,2-3,+IR,N,N
AT4G28860-AT4G288803-4+IR,AT4G28860-AT4G28880,3-4,3-4,+IR,N,N
AT4G28860-AT4G288804-5+IR,AT4G28860-AT4G28880,4-5,4-5,+IR,N,N
AT4G28860-AT4G288807-8-ALTA,AT4G28860-AT4G28880,7-8,8-9,-ALTA,Y,Y
AT4G28860-AT4G288807-8+IR,AT4G28860-AT4G28880,7-8,8-9,+IR,N,Y
AT4G28860-AT4G288808-9+IR,AT4G28860-AT4G28880,8-9,9-10,+IR,N,N
AT4G28860-AT4G288809-10+ALTD,AT4G28860-AT4G28880,9-10,10-11,+ALTD,N,N
AT4G28860-AT4G288809-10+IR,AT4G28860-AT4G28880,9-10,10-11,+IR,N,N
AT4G29260-AT4G292701-2+IR,AT4G29260-AT4G29270,1-2,1-2,+IR,N,N
AT4G30910-AT4G309202-3+IR,AT4G30910-AT4G30920,2-3,2-3,+IR,N,N
AT4G30910-AT4G309206-7+ALTA,AT4G30910-AT4G30920,6-7,6-7,+ALTA,N,N
AT4G30910-AT4G309206-7+IR,AT4G30910-AT4G30920,6-7,6-7,+IR,N,N
AT4G30910-AT4G309208-9-ALTD,AT4G30910-AT4G30920,8-9,8-9,-ALTD,N,N
AT4G30910-AT4G309208-9+IR,AT4G30910-AT4G30920,8-9,8-9,+IR,N,N
AT4G30910-AT4G309209-10+IR,AT4G30910-AT4G30920,9-10,9-10,+IR,N,N
AT4G31100-AT4G311101-2+IR,AT4G31100-AT4G31110,1-2,1-2,+IR,N,N
AT4G31480-AT4G314901-2+ALTA,AT4G31480-AT4G31490,1-2,1-2,+ALTA,N,N
AT4G31480-AT4G314901-2+ALTD,AT4G31480-AT4G31490,1-2,1-2,+ALTD,N,Y
AT4G31480-AT4G314901-2+IR,AT4G31480-AT4G31490,1-2,1-2,+IR,Y,Y
AT4G31480-AT4G314904-5+IR,AT4G31480-AT4G31490,4-5,4-5,+IR,N,N
AT4G31480-AT4G314905-6-ALTA,AT4G31480-AT4G31490,5-6,5-6,-ALTA,N,N
AT4G31480-AT4G314905-6+IR,AT4G31480-AT4G31490,5-6,5-6,+IR,N,N
AT4G32960-AT4G329701-2+IR,AT4G32960-AT4G32970,1-2,1-2,+IR,N,N
AT4G32960-AT4G329702-3-ALTA,AT4G32960-AT4G32970,2-3,2-3,-ALTA,N,N
AT4G32960-AT4G329702-3+ALTD,AT4G32960-AT4G32970,2-3,2-3,+ALTD,N,N
AT4G32960-AT4G329702-3+IR,AT4G32960-AT4G32970,2-3,2-3,+IR,N,N
AT4G33110-AT4G331202-3+IR,AT4G33110-AT4G33120,2-3,2-3,+IR,N,N
AT4G34640-AT4G346501-2+IR,AT4G34640-AT4G34650,1-2,1-2,+IR,N,N
AT4G34640-AT4G346503-4+IR,AT4G34640-AT4G34650,3-4,3-4,+IR,N,N
AT4G34640-AT4G346504-5+IR,AT4G34640-AT4G34650,4-5,4-5,+IR,N,N
AT4G34640-AT4G346505-6+IR,AT4G34640-AT4G34650,5-6,5-6,+IR,N,N
AT4G34640-AT4G346506-7+IR,AT4G34640-AT4G34650,6-7,6-7,+IR,N,N
AT4G34640-AT4G346509-10+IR,AT4G34640-AT4G34650,9-10,9-10,+IR,N,N
AT4G36270-AT4G362801-2+IR,AT4G36270-AT4G36280,1-2,1-2,+IR,N,N
AT4G36270-AT4G3628011-12+IR,AT4G36270-AT4G36280,11-12,11-12,+IR,N,N
AT4G36270-AT4G3628014-15+IR,AT4G36270-AT4G36280,14-15,14-15,+IR,N,Y
AT4G36270-AT4G3628015-16+ALTD,AT4G36270-AT4G36280,15-16,15-16,+ALTD,N,N
AT4G36270-AT4G3628015-16+IR,AT4G36270-AT4G36280,15-16,15-16,+IR,N,Y
AT4G37520-AT4G375301-2-ALTA,AT4G37520-AT4G37530,1-2,1-2,-ALTA,N,N
AT4G37520-AT4G375302-3+IR,AT4G37520-AT4G37530,2-3,2-3,+IR,N,Y
AT4G37520-AT4G375303-4+IR,AT4G37520-AT4G37530,3-4,3-4,+IR,N,N
AT4G37980-AT4G379901-2+IR,AT4G37980-AT4G37990,1-2,1-2,+IR,N,N
AT4G37980-AT4G379902-3-ALTD,AT4G37980-AT4G37990,2-3,2-3,-ALTD,N,N
AT4G37980-AT4G379902-3+IR,AT4G37980-AT4G37990,2-3,2-3,+IR,N,N
AT4G37980-AT4G379903-4+IR,AT4G37980-AT4G37990,3-4,3-4,+IR,N,N
AT4G38170-AT4G381802-3+IR,AT4G38170-AT4G38180,2-3,1-2,+IR,N,Y
AT5G04110-AT5G041305-6+IR,AT5G04110-AT5G04130,5-6,11-12,+IR,N,N
AT5G04110-AT5G041306-7+ALTA,AT5G04110-AT5G04130,6-7,12-13,+ALTA,N,N
AT5G04680-AT5G047001-2+IR,AT5G04680-AT5G04700,1-2,1-2,+IR,N,N
AT5G04680-AT5G047003-4+IR,AT5G04680-AT5G04700,3-4,3-4,+IR,Y,Y
AT5G04680-AT5G047004-5+IR,AT5G04680-AT5G04700,4-5,5-6,+IR,N,Y
AT5G04680-AT5G047005-6+IR,AT5G04680-AT5G04700,5-6,6-7,+IR,N,N
AT5G05040-AT5G050601-2+IR,AT5G05040-AT5G05060,1-2,1-2,+IR,N,N
AT5G05880-AT5G058901-2+IR,AT5G05880-AT5G05890,1-2,1-2,+IR,N,N
AT5G07690-AT5G077001-2-ALTA,AT5G07690-AT5G07700,1-2,1-2,-ALTA,N,N
AT5G07690-AT5G077001-2+IR,AT5G07690-AT5G07700,1-2,1-2,+IR,N,Y
AT5G07690-AT5G077002-3+ALTD;-ALTA,AT5G07690-AT5G07700,2-3,2-3,+ALTD;-ALTA,N,N
AT5G07690-AT5G077002-3+IR,AT5G07690-AT5G07700,2-3,2-3,+IR,Y,Y
AT5G07770-AT5G0778011-12+IR,AT5G07770-AT5G07780,11-12,9-10,+IR,N,N
AT5G07940-AT5G079804-5+IR,AT5G07940-AT5G07980,4-5,3-4,+IR,N,N
AT5G08370-AT5G083805-6+IR,AT5G08370-AT5G08380,5-6,5-6,+IR,N,N
AT5G10760-AT5G107701-2+IR,AT5G10760-AT5G10770,1-2,1-2,+IR,N,Y
AT5G12950-AT5G1296010-11+IR,AT5G12950-AT5G12960,10-11,10-11,+IR,N,Y
AT5G12950-AT5G1296011-12+IR,AT5G12950-AT5G12960,11-12,11-12,+IR,N,N
AT5G12950-AT5G129603-4+IR,AT5G12950-AT5G12960,3-4,3-4,+IR,N,N
AT5G12950-AT5G129604-5+IR,AT5G12950-AT5G12960,4-5,4-5,+IR,N,N
AT5G12950-AT5G129605-6-ALTD;-ALTA,AT5G12950-AT5G12960,5-6,5-6,-ALTD;-ALTA,N,N
AT5G12950-AT5G129605-6+IR,AT5G12950-AT5G12960,5-6,5-6,+IR,N,N
AT5G12950-AT5G129607-8+ALTD,AT5G12950-AT5G12960,7-8,7-8,+ALTD,N,N
AT5G12950-AT5G129608-9+IR,AT5G12950-AT5G12960,8-9,8-9,+IR,N,N
AT5G12950-AT5G129609-10+IR,AT5G12950-AT5G12960,9-10,9-10,+IR,Y,Y
AT5G13430-AT5G134401-2+IR,AT5G13430-AT5G13440,1-2,1-2,+IR,N,Y
AT5G15960-AT5G159701-2+IR,AT5G15960-AT5G15970,1-2,1-2,+IR,N,N
AT5G15960-AT5G159702-3+IR,AT5G15960-AT5G15970,2-3,2-3,+IR,N,N
AT5G17520-AT5G175231-2+IR,AT5G17520-AT5G17523,1-2,1-2,+IR,Y,Y
AT5G17520-AT5G175232-3+ALTA,AT5G17520-AT5G17523,2-3,2-3,+ALTA,N,N
AT5G17520-AT5G175232-3+IR,AT5G17520-AT5G17523,2-3,2-3,+IR,N,N
AT5G18040-AT5G180653-4+IR,AT5G18040-AT5G18065,3-4,3-4,+IR,N,Y
AT5G18362-AT5G184002-3+IR,AT5G18362-AT5G18400,2-3,5-6,+IR,N,N
AT5G18630-AT5G1864010-11-ALTA,AT5G18630-AT5G18640,10-11,10-11,-ALTA,N,N
AT5G18630-AT5G1864010-11+IR,AT5G18630-AT5G18640,10-11,10-11,+IR,Y,Y
AT5G18630-AT5G186403-4+IR,AT5G18630-AT5G18640,3-4,3-4,+IR,N,N
AT5G18630-AT5G186406-7+IR,AT5G18630-AT5G18640,6-7,6-7,+IR,N,Y
AT5G18630-AT5G186407-8-ALTA,AT5G18630-AT5G18640,7-8,7-8,-ALTA,N,N
AT5G18630-AT5G186407-8+IR,AT5G18630-AT5G18640,7-8,7-8,+IR,Y,Y
AT5G18630-AT5G186408-9-ALTD,AT5G18630-AT5G18640,8-9,8-9,-ALTD,N,N
AT5G18630-AT5G186408-9+IR,AT5G18630-AT5G18640,8-9,8-9,+IR,N,Y
AT5G18630-AT5G186409-10+IR,AT5G18630-AT5G18640,9-10,9-10,+IR,N,Y
AT5G18770-AT5G187803-4+IR,AT5G18770-AT5G18780,3-4,2-3,+IR,N,Y
AT5G19460-AT5G194701-2+IR,AT5G19460-AT5G19470,1-2,1-2,+IR,N,N
AT5G19460-AT5G194702-3+IR,AT5G19460-AT5G19470,2-3,2-3,+IR,N,N
AT5G19460-AT5G194705-6+ALTA,AT5G19460-AT5G19470,5-6,5-6,+ALTA,N,N
AT5G19460-AT5G194705-6+IR,AT5G19460-AT5G19470,5-6,5-6,+IR,N,N
AT5G19460-AT5G194706-7+IR,AT5G19460-AT5G19470,6-7,6-7,+IR,N,N
AT5G19990-AT5G200001-2+IR,AT5G19990-AT5G20000,1-2,1-2,+IR,N,Y
AT5G19990-AT5G200005-6+IR,AT5G19990-AT5G20000,5-6,5-6,+IR,N,Y
AT5G19990-AT5G200007-8+IR,AT5G19990-AT5G20000,7-8,7-8,+IR,N,Y
AT5G19990-AT5G200008-9+IR,AT5G19990-AT5G20000,8-9,8-9,+IR,Y,Y
AT5G20940-AT5G209507-8+IR,AT5G20940-AT5G20950,7-8,8-9,+IR,N,N
AT5G20940-AT5G209508-9+ALTD,AT5G20940-AT5G20950,8-9,9-10,+ALTD,N,N
AT5G20940-AT5G209508-9+IR,AT5G20940-AT5G20950,8-9,9-10,+IR,N,Y
AT5G21100-AT5G211051-2+IR,AT5G21100-AT5G21105,1-2,1-2,+IR,Y,Y
AT5G21100-AT5G211052-3+IR,AT5G21100-AT5G21105,2-3,2-3,+IR,N,N
AT5G21100-AT5G211053-4+IR,AT5G21100-AT5G21105,3-4,4-5,+IR,N,Y
AT5G21222-AT5G213264-5+IR,AT5G21222-AT5G21326,4-5,4-5,+IR,N,N
AT5G21222-AT5G213269-10-ALTA,AT5G21222-AT5G21326,9-10,9-10,-ALTA,N,N
AT5G21222-AT5G213269-10+ALTA,AT5G21222-AT5G21326,9-10,9-10,+ALTA,N,N
AT5G21222-AT5G213269-10+IR,AT5G21222-AT5G21326,9-10,9-10,+IR,N,Y
AT5G22770-AT5G2278010-11+IR,AT5G22770-AT5G22780,10-11,10-11,+IR,N,N
AT5G22770-AT5G2278011-12+IR,AT5G22770-AT5G22780,11-12,11-12,+IR,N,N
AT5G22770-AT5G2278014-15+ALTA,AT5G22770-AT5G22780,14-15,14-15,+ALTA,N,N
AT5G22770-AT5G2278014-15+ALTD,AT5G22770-AT5G22780,14-15,14-15,+ALTD,N,Y
AT5G22770-AT5G2278014-15+IR,AT5G22770-AT5G22780,14-15,14-15,+IR,N,N
AT5G22770-AT5G2278017-18+IR,AT5G22770-AT5G22780,17-18,17-18,+IR,N,N
AT5G22770-AT5G2278018-19+ALTA,AT5G22770-AT5G22780,18-19,18-19,+ALTA,Y,Y
AT5G22770-AT5G2278022-23-ALTA,AT5G22770-AT5G22780,22-23,22-23,-ALTA,N,N
AT5G22770-AT5G2278022-23-ALTD,AT5G22770-AT5G22780,22-23,22-23,-ALTD,N,N
AT5G22770-AT5G2278024-25+IR,AT5G22770-AT5G22780,24-25,24-25,+IR,N,N
AT5G22770-AT5G2278025-26+IR,AT5G22770-AT5G22780,25-26,25-26,+IR,N,Y
AT5G22770-AT5G2278026-27+IR,AT5G22770-AT5G22780,26-27,26-27,+IR,N,N
AT5G22770-AT5G227806-7+ALTA;-ALTD,AT5G22770-AT5G22780,6-7,6-7,+ALTA;-ALTD,N,N
AT5G23490-AT5G2351013-14+IR,AT5G23490-AT5G23510,13-14,3-4,+IR,N,Y
AT5G23490-AT5G2351015-16+IR,AT5G23490-AT5G23510,15-16,5-6,+IR,N,N
AT5G23490-AT5G2351016-17+IR,AT5G23490-AT5G23510,16-17,6-7,+IR,Y,Y
AT5G23490-AT5G2351017-18+IR,AT5G23490-AT5G23510,17-18,7-8,+IR,N,N
AT5G23490-AT5G2351018-19+IR,AT5G23490-AT5G23510,18-19,8-9,+IR,N,N
AT5G23490-AT5G2351019-20+IR,AT5G23490-AT5G23510,19-20,9-10,+IR,N,Y
AT5G23770-AT5G238002-3+IR,AT5G23770-AT5G23800,2-3,1-2,+IR,N,N
AT5G24155-AT5G241601-2+IR,AT5G24155-AT5G24160,1-2,1-2,+IR,N,N
AT5G24770-AT5G247801-2-ALTA,AT5G24770-AT5G24780,1-2,1-2,-ALTA,N,N
AT5G24770-AT5G247801-2+IR,AT5G24770-AT5G24780,1-2,1-2,+IR,Y,Y
AT5G24770-AT5G247802-3+IR,AT5G24770-AT5G24780,2-3,2-3,+IR,Y,Y
AT5G25040-AT5G250501-2-ALTA,AT5G25040-AT5G25050,1-2,1-2,-ALTA,N,N
AT5G25040-AT5G250501-2+IR,AT5G25040-AT5G25050,1-2,1-2,+IR,N,N
AT5G25040-AT5G250502-3+IR,AT5G25040-AT5G25050,2-3,2-3,+IR,N,Y
AT5G25040-AT5G250503-4+IR,AT5G25040-AT5G25050,3-4,3-4,+IR,N,N
AT5G25120-AT5G251302-3+ALTD,AT5G25120-AT5G25130,2-3,2-3,+ALTD,N,N
AT5G25120-AT5G251302-3+IR,AT5G25120-AT5G25130,2-3,2-3,+IR,N,Y
AT5G25250-AT5G252601-2+IR,AT5G25250-AT5G25260,1-2,1-2,+IR,N,N
AT5G25754-AT5G257571-2+IR,AT5G25754-AT5G25757,1-2,1-2,+IR,Y,Y
AT5G25754-AT5G257572-3+IR,AT5G25754-AT5G25757,2-3,2-3,+IR,Y,Y
AT5G25754-AT5G257573-4+IR,AT5G25754-AT5G25757,3-4,3-4,+IR,N,N
AT5G25754-AT5G257574-5+IR,AT5G25754-AT5G25757,4-5,4-5,+IR,N,Y
AT5G27350-AT5G273601-2+IR,AT5G27350-AT5G27360,1-2,1-2,+IR,N,N
AT5G27350-AT5G2736010-11-ALTA,AT5G27350-AT5G27360,10-11,10-11,-ALTA,N,Y
AT5G27350-AT5G2736010-11+ALTD,AT5G27350-AT5G27360,10-11,10-11,+ALTD,N,N
AT5G27350-AT5G2736010-11+IR,AT5G27350-AT5G27360,10-11,10-11,+IR,N,Y
AT5G27350-AT5G2736016-17-ALTD;-ALTA,AT5G27350-AT5G27360,16-17,16-17,-ALTD;-ALTA,N,Y
AT5G27350-AT5G2736016-17+IR,AT5G27350-AT5G27360,16-17,16-17,+IR,N,N
AT5G27350-AT5G2736017-18-ALTA,AT5G27350-AT5G27360,17-18,17-18,-ALTA,N,N
AT5G27350-AT5G2736017-18+ALTA,AT5G27350-AT5G27360,17-18,17-18,+ALTA,N,N
AT5G27350-AT5G2736017-18+IR,AT5G27350-AT5G27360,17-18,17-18,+IR,Y,Y
AT5G27350-AT5G273604-5-ALTA,AT5G27350-AT5G27360,4-5,4-5,-ALTA,N,N
AT5G27350-AT5G273604-5+IR,AT5G27350-AT5G27360,4-5,4-5,+IR,N,Y
AT5G27350-AT5G273605-6-ALTD,AT5G27350-AT5G27360,5-6,5-6,-ALTD,N,N
AT5G27350-AT5G273609-10+IR,AT5G27350-AT5G27360,9-10,9-10,+IR,N,N
AT5G28020-AT5G280301-2+IR,AT5G28020-AT5G28030,1-2,2-3,+IR,N,N
AT5G28020-AT5G280302-3-ALTA,AT5G28020-AT5G28030,2-3,3-4,-ALTA,N,N
AT5G28020-AT5G280302-3+IR,AT5G28020-AT5G28030,2-3,3-4,+IR,N,Y
AT5G28020-AT5G280303-4+ALTA,AT5G28020-AT5G28030,3-4,4-5,+ALTA,N,N
AT5G28020-AT5G280303-4+IR,AT5G28020-AT5G28030,3-4,4-5,+IR,N,N
AT5G28020-AT5G280307-8+ALTD,AT5G28020-AT5G28030,7-8,8-9,+ALTD,N,N
AT5G28020-AT5G280307-8+IR,AT5G28020-AT5G28030,7-8,8-9,+IR,N,Y
AT5G28020-AT5G280308-9+IR,AT5G28020-AT5G28030,8-9,9-10,+IR,Y,Y
AT5G28320-AT5G2840011-12+ALTD,AT5G28320-AT5G28400,11-12,8-9,+ALTD,Y,Y
AT5G28320-AT5G2840011-12+IR,AT5G28320-AT5G28400,11-12,8-9,+IR,Y,Y
AT5G28320-AT5G284008-9+ALTA;+ALTD,AT5G28320-AT5G28400,8-9,6-7,+ALTA;+ALTD,N,N
AT5G28320-AT5G284008-9+ALTD,AT5G28320-AT5G28400,8-9,6-7,+ALTD,N,N
AT5G28320-AT5G284008-9+IR,AT5G28320-AT5G28400,8-9,6-7,+IR,N,Y
AT5G28850-AT5G2890010-11+IR,AT5G28850-AT5G28900,10-11,10-11,+IR,N,N
AT5G28850-AT5G289002-3+IR,AT5G28850-AT5G28900,2-3,2-3,+IR,Y,Y
AT5G28850-AT5G289005-6+IR,AT5G28850-AT5G28900,5-6,5-6,+IR,N,N
AT5G28850-AT5G289006-7+IR,AT5G28850-AT5G28900,6-7,6-7,+IR,N,Y
AT5G28850-AT5G289008-9+IR,AT5G28850-AT5G28900,8-9,8-9,+IR,N,Y
AT5G36670-AT5G367405-6+IR,AT5G36670-AT5G36740,5-6,5-6,+IR,Y,Y
AT5G41120-AT5G4113011-12+IR,AT5G41120-AT5G41130,11-12,11-12,+IR,N,Y
AT5G41120-AT5G4113012-13+IR,AT5G41120-AT5G41130,12-13,12-13,+IR,N,N
AT5G41120-AT5G411304-5+IR,AT5G41120-AT5G41130,4-5,4-5,+IR,N,N
AT5G41120-AT5G411308-9+ALTD,AT5G41120-AT5G41130,8-9,8-9,+ALTD,N,N
AT5G41360-AT5G4137010-11+IR,AT5G41360-AT5G41370,10-11,10-11,+IR,N,N
AT5G41360-AT5G4137012-13+IR,AT5G41360-AT5G41370,12-13,12-13,+IR,N,N
AT5G41360-AT5G4137016-17+IR,AT5G41360-AT5G41370,16-17,16-17,+IR,N,N
AT5G41360-AT5G413706-7-ALTA,AT5G41360-AT5G41370,6-7,6-7,-ALTA,N,N
AT5G41360-AT5G413706-7+ALTA,AT5G41360-AT5G41370,6-7,6-7,+ALTA,N,N
AT5G41360-AT5G413706-7+ALTD,AT5G41360-AT5G41370,6-7,6-7,+ALTD,N,N
AT5G41360-AT5G413706-7+ALTD;+ALTA,AT5G41360-AT5G41370,6-7,6-7,+ALTD;+ALTA,N,N
AT5G41360-AT5G413706-7+IR,AT5G41360-AT5G41370,6-7,6-7,+IR,N,N
AT5G41360-AT5G413709-10+ALTD,AT5G41360-AT5G41370,9-10,9-10,+ALTD,N,N
AT5G41360-AT5G413709-10+IR,AT5G41360-AT5G41370,9-10,9-10,+IR,N,N
AT5G41740-AT5G417505-6+IR,AT5G41740-AT5G41750,5-6,3-4,+IR,N,N
AT5G43440-AT5G434501-2+IR,AT5G43440-AT5G43450,1-2,1-2,+IR,N,Y
AT5G43440-AT5G434502-3+IR,AT5G43440-AT5G43450,2-3,2-3,+IR,N,Y
AT5G46130-AT5G461401-2+IR,AT5G46130-AT5G46140,1-2,1-2,+IR,N,N
AT5G46510-AT5G465203-4+IR,AT5G46510-AT5G46520,3-4,3-4,+IR,Y,Y
AT5G46510-AT5G465204-5+IR,AT5G46510-AT5G46520,4-5,4-5,+IR,Y,Y
AT5G47480-AT5G474901-2-ALTA,AT5G47480-AT5G47490,1-2,1-2,-ALTA,N,N
AT5G47480-AT5G474901-2+IR,AT5G47480-AT5G47490,1-2,1-2,+IR,N,N
AT5G47480-AT5G4749010-11+IR,AT5G47480-AT5G47490,10-11,11-12,+IR,N,Y
AT5G47480-AT5G4749011-12+IR,AT5G47480-AT5G47490,11-12,12-13,+IR,N,N
AT5G47480-AT5G474903-4+ALTA,AT5G47480-AT5G47490,3-4,3-4,+ALTA,N,N
AT5G47480-AT5G474905-6+IR,AT5G47480-AT5G47490,5-6,6-7,+IR,Y,Y
AT5G47480-AT5G474906-7+IR,AT5G47480-AT5G47490,6-7,7-8,+IR,N,N
AT5G47480-AT5G474909-10-ALTA,AT5G47480-AT5G47490,9-10,10-11,-ALTA,N,N
AT5G47480-AT5G474909-10-ALTD,AT5G47480-AT5G47490,9-10,10-11,-ALTD,N,N
AT5G47480-AT5G474909-10+IR,AT5G47480-AT5G47490,9-10,10-11,+IR,N,N
AT5G48630-AT5G486404-5-ALTD,AT5G48630-AT5G48640,4-5,5-6,-ALTD,N,N
AT5G48630-AT5G486404-5+IR,AT5G48630-AT5G48640,4-5,5-6,+IR,N,Y
AT5G51370-AT5G513801-2+IR,AT5G51370-AT5G51380,1-2,1-2,+IR,N,N
AT5G52750-AT5G527602-3+IR,AT5G52750-AT5G52760,2-3,2-3,+IR,Y,Y
AT5G54610-AT5G546201-2+IR,AT5G54610-AT5G54620,1-2,1-2,+IR,N,N
AT5G55300-AT5G553102-3+IR,AT5G55300-AT5G55310,2-3,2-3,+IR,N,N
AT5G55300-AT5G553103-4+IR,AT5G55300-AT5G55310,3-4,3-4,+IR,N,N
AT5G55300-AT5G553104-5+IR,AT5G55300-AT5G55310,4-5,4-5,+IR,N,N
AT5G55300-AT5G553105-6+IR,AT5G55300-AT5G55310,5-6,5-6,+IR,N,N
AT5G55300-AT5G553106-7+IR,AT5G55300-AT5G55310,6-7,6-7,+IR,N,N
AT5G55300-AT5G553107-8+IR,AT5G55300-AT5G55310,7-8,7-8,+IR,Y,Y
AT5G56240-AT5G562503-4-ALTA,AT5G56240-AT5G56250,3-4,3-4,-ALTA,N,N
AT5G56650-AT5G566601-2+IR,AT5G56650-AT5G56660,1-2,1-2,+IR,N,N
AT5G56650-AT5G566602-3+IR,AT5G56650-AT5G56660,2-3,2-3,+IR,N,Y
AT5G56650-AT5G566603-4+IR,AT5G56650-AT5G56660,3-4,3-4,+IR,N,Y
AT5G56650-AT5G566604-5+IR,AT5G56650-AT5G56660,4-5,4-5,+IR,N,Y
AT5G57565-AT5G576301-2+IR,AT5G57565-AT5G57630,1-2,2-3,+IR,Y,Y
AT5G57565-AT5G576302-3-ALTD,AT5G57565-AT5G57630,2-3,3-4,-ALTD,N,Y
AT5G57565-AT5G576302-3+IR,AT5G57565-AT5G57630,2-3,3-4,+IR,N,Y
AT5G59650-AT5G596803-4+ALTD;-ALTA,AT5G59650-AT5G59680,3-4,3-4,+ALTD;-ALTA,N,N
AT5G59650-AT5G596803-4+IR,AT5G59650-AT5G59680,3-4,3-4,+IR,N,N
AT5G61060-AT5G610701-2+ALTD,AT5G61060-AT5G61070,1-2,1-2,+ALTD,N,N
AT5G61060-AT5G610706-7-ALTD,AT5G61060-AT5G61070,6-7,6-7,-ALTD,N,N
AT5G61940-AT5G619503-4+IR,AT5G61940-AT5G61950,3-4,3-4,+IR,N,Y
AT5G65050-AT5G650601-2+IR,AT5G65050-AT5G65060,1-2,1-2,+IR,Y,Y
AT5G65050-AT5G650602-3+ALTD,AT5G65050-AT5G65060,2-3,2-3,+ALTD,N,N
AT5G65050-AT5G650602-3+IR,AT5G65050-AT5G65060,2-3,2-3,+IR,Y,Y
AT5G65050-AT5G650603-4-ALTA,AT5G65050-AT5G65060,3-4,3-4,-ALTA,N,Y
AT5G65050-AT5G650603-4+IR,AT5G65050-AT5G65060,3-4,3-4,+IR,N,Y
AT5G66620-AT5G666306-7+IR,AT5G66620-AT5G66630,6-7,5-6,+IR,N,N
